2021-10-22T00:00:00,uk oil prices,_field_price,64.93
2021-10-23T00:00:00,uk oil prices,_field_price,64.25
2021-10-24T00:00:00,uk oil prices,_field_price,64.03
2021-10-22T00:00:00,uk oil prices,_field_price,64.93
2021-10-23T00:00:00,uk oil prices,_field_price,64.25
2021-10-24T00:00:00,uk oil prices,_field_price,64.03
2021-10-25T00:00:00,uk oil prices,_field_price,63.99
2021-10-26T00:00:00,uk oil prices,_field_price,63.72
2021-10-27T00:00:00,uk oil prices,_field_price,63.59
2021-10-28T00:00:00,uk oil prices,_field_price,63.4
2021-10-29T00:00:00,uk oil prices,_field_price,63.05
2021-10-30T00:00:00,uk oil prices,_field_price,62.87
2021-10-31T00:00:00,uk oil prices,_field_price,63.39
2021-11-01T00:00:00,uk oil prices,_field_price,63.22
2021-11-02T00:00:00,uk oil prices,_field_price,62.78
2021-11-03T00:00:00,uk oil prices,_field_price,63.24
2021-11-04T00:00:00,uk oil prices,_field_price,63.26
2021-11-05T00:00:00,uk oil prices,_field_price,62.83
2021-11-06T00:00:00,uk oil prices,_field_price,62.97
2021-11-07T00:00:00,uk oil prices,_field_price,62.9
2021-11-08T00:00:00,uk oil prices,_field_price,62.99
2021-11-09T00:00:00,uk oil prices,_field_price,63.09
2021-11-10T00:00:00,uk oil prices,_field_price,62.96
2021-11-11T00:00:00,uk oil prices,_field_price,62.46
2021-11-12T00:00:00,uk oil prices,_field_price,62.09
2021-11-13T00:00:00,uk oil prices,_field_price,61.23
2021-11-14T00:00:00,uk oil prices,_field_price,61.18
2021-11-15T00:00:00,uk oil prices,_field_price,61.29
2021-11-16T00:00:00,uk oil prices,_field_price,61.07
2021-11-17T00:00:00,uk oil prices,_field_price,60.32
2021-11-18T00:00:00,uk oil prices,_field_price,60.35
2021-11-19T00:00:00,uk oil prices,_field_price,59.16
2021-11-20T00:00:00,uk oil prices,_field_price,58.79
2021-11-21T00:00:00,uk oil prices,_field_price,58.63
2021-11-22T00:00:00,uk oil prices,_field_price,58.57
2021-11-23T00:00:00,uk oil prices,_field_price,58.39
2021-11-24T00:00:00,uk oil prices,_field_price,58.68
2021-11-25T00:00:00,uk oil prices,_field_price,58.85
2021-11-26T00:00:00,uk oil prices,_field_price,59.01
2021-11-27T00:00:00,uk oil prices,_field_price,59.12
2021-11-28T00:00:00,uk oil prices,_field_price,59.38
2021-11-29T00:00:00,uk oil prices,_field_price,59.5
2021-11-30T00:00:00,uk oil prices,_field_price,60.02
2021-12-01T00:00:00,uk oil prices,_field_price,59.52
2021-12-02T00:00:00,uk oil prices,_field_price,58.76
2021-12-03T00:00:00,uk oil prices,_field_price,58.7
2021-12-04T00:00:00,uk oil prices,_field_price,58.75
2021-12-05T00:00:00,uk oil prices,_field_price,58.67
2021-12-06T00:00:00,uk oil prices,_field_price,58.85
2021-12-07T00:00:00,uk oil prices,_field_price,59.2
2021-12-08T00:00:00,uk oil prices,_field_price,59.5
2021-12-09T00:00:00,uk oil prices,_field_price,62.48
2021-12-10T00:00:00,uk oil prices,_field_price,64.43
2021-12-11T00:00:00,uk oil prices,_field_price,64.73
2021-12-12T00:00:00,uk oil prices,_field_price,64.29
2021-12-13T00:00:00,uk oil prices,_field_price,64.52
2021-12-14T00:00:00,uk oil prices,_field_price,64.6
2021-12-15T00:00:00,uk oil prices,_field_price,64.28
2021-12-16T00:00:00,uk oil prices,_field_price,64.06
2021-12-17T00:00:00,uk oil prices,_field_price,63.71
2021-12-18T00:00:00,uk oil prices,_field_price,64.19
2021-12-19T00:00:00,uk oil prices,_field_price,63.82
2021-12-20T00:00:00,uk oil prices,_field_price,63.76
2021-12-21T00:00:00,uk oil prices,_field_price,63.23
2021-12-22T00:00:00,uk oil prices,_field_price,62.37
2021-12-23T00:00:00,uk oil prices,_field_price,62.83
2021-12-24T00:00:00,uk oil prices,_field_price,61.88
2021-12-25T00:00:00,uk oil prices,_field_price,61.77
2021-12-26T00:00:00,uk oil prices,_field_price,61.78
2021-12-27T00:00:00,uk oil prices,_field_price,61.76
2021-12-28T00:00:00,uk oil prices,_field_price,61.73
2021-12-29T00:00:00,uk oil prices,_field_price,61.6
2021-12-30T00:00:00,uk oil prices,_field_price,61.8
2021-12-31T00:00:00,uk oil prices,_field_price,61.61
2022-01-01T00:00:00,uk oil prices,_field_price,61.46
2022-01-02T00:00:00,uk oil prices,_field_price,61.36
2022-01-03T00:00:00,uk oil prices,_field_price,61.34
2022-01-04T00:00:00,uk oil prices,_field_price,61.46
2022-01-05T00:00:00,uk oil prices,_field_price,61.45
2022-01-06T00:00:00,uk oil prices,_field_price,61.73
2022-01-07T00:00:00,uk oil prices,_field_price,61.27
2022-01-08T00:00:00,uk oil prices,_field_price,61.45
2022-01-09T00:00:00,uk oil prices,_field_price,61.39
2022-01-10T00:00:00,uk oil prices,_field_price,61.4
2022-01-11T00:00:00,uk oil prices,_field_price,61.96
2022-01-12T00:00:00,uk oil prices,_field_price,61.49
2022-01-13T00:00:00,uk oil prices,_field_price,61.54
2022-01-14T00:00:00,uk oil prices,_field_price,61.72
2022-01-15T00:00:00,uk oil prices,_field_price,61.82
2022-01-16T00:00:00,uk oil prices,_field_price,61.76
2022-01-17T00:00:00,uk oil prices,_field_price,61.8
2022-01-18T00:00:00,uk oil prices,_field_price,62.58
2022-01-19T00:00:00,uk oil prices,_field_price,63.17
2022-01-20T00:00:00,uk oil prices,_field_price,63.57
2022-01-21T00:00:00,uk oil prices,_field_price,63.34
2022-01-22T00:00:00,uk oil prices,_field_price,62.61
2022-01-23T00:00:00,uk oil prices,_field_price,62.63
2022-01-24T00:00:00,uk oil prices,_field_price,62.71
2022-01-25T00:00:00,uk oil prices,_field_price,62.88
2022-01-26T00:00:00,uk oil prices,_field_price,62.73
2022-01-27T00:00:00,uk oil prices,_field_price,63.02
2022-01-28T00:00:00,uk oil prices,_field_price,63.59
2022-01-29T00:00:00,uk oil prices,_field_price,64.69
2022-01-30T00:00:00,uk oil prices,_field_price,64.69
2022-01-31T00:00:00,uk oil prices,_field_price,64.88
2022-02-01T00:00:00,uk oil prices,_field_price,65.43
2022-02-02T00:00:00,uk oil prices,_field_price,65.28
2022-02-03T00:00:00,uk oil prices,_field_price,64.94
2022-02-04T00:00:00,uk oil prices,_field_price,64.93
2022-02-05T00:00:00,uk oil prices,_field_price,67.7
2022-02-06T00:00:00,uk oil prices,_field_price,67.88
2022-02-07T00:00:00,uk oil prices,_field_price,67.9
2022-02-08T00:00:00,uk oil prices,_field_price,68.5
2022-02-09T00:00:00,uk oil prices,_field_price,67.98
2022-02-10T00:00:00,uk oil prices,_field_price,66.66
2022-02-11T00:00:00,uk oil prices,_field_price,66.22
2022-02-12T00:00:00,uk oil prices,_field_price,66.12
2022-02-13T00:00:00,uk oil prices,_field_price,65.96
2022-02-14T00:00:00,uk oil prices,_field_price,65.72
2022-02-15T00:00:00,uk oil prices,_field_price,66.81
2022-02-16T00:00:00,uk oil prices,_field_price,67.12
2022-02-17T00:00:00,uk oil prices,_field_price,66.77
2022-02-18T00:00:00,uk oil prices,_field_price,65.99
2022-02-19T00:00:00,uk oil prices,_field_price,66.89
2022-02-20T00:00:00,uk oil prices,_field_price,67.38
2022-02-21T00:00:00,uk oil prices,_field_price,67.33
2022-02-22T00:00:00,uk oil prices,_field_price,66.94
2022-02-23T00:00:00,uk oil prices,_field_price,68.6
2022-02-24T00:00:00,uk oil prices,_field_price,68.66
2022-02-25T00:00:00,uk oil prices,_field_price,77.85
2022-02-26T00:00:00,uk oil prices,_field_price,82.4
2022-02-27T00:00:00,uk oil prices,_field_price,82.52
2022-02-28T00:00:00,uk oil prices,_field_price,82.82
2022-03-01T00:00:00,uk oil prices,_field_price,84.63
2022-03-02T00:00:00,uk oil prices,_field_price,88.33
2022-03-03T00:00:00,uk oil prices,_field_price,100.81
2022-03-04T00:00:00,uk oil prices,_field_price,109.24
2022-03-05T00:00:00,uk oil prices,_field_price,112.74
2022-03-06T00:00:00,uk oil prices,_field_price,116.92
2022-03-07T00:00:00,uk oil prices,_field_price,119.79
2022-03-08T00:00:00,uk oil prices,_field_price,133.72
2022-03-09T00:00:00,uk oil prices,_field_price,155.35
2022-03-10T00:00:00,uk oil prices,_field_price,169.73
2022-03-11T00:00:00,uk oil prices,_field_price,165.0
2022-03-12T00:00:00,uk oil prices,_field_price,149.04
2022-03-13T00:00:00,uk oil prices,_field_price,147.45
2022-03-14T00:00:00,uk oil prices,_field_price,144.26
2022-03-15T00:00:00,uk oil prices,_field_price,136.82
2022-03-16T00:00:00,uk oil prices,_field_price,124.3
2022-03-17T00:00:00,uk oil prices,_field_price,115.34
2022-03-18T00:00:00,uk oil prices,_field_price,113.36
2022-03-19T00:00:00,uk oil prices,_field_price,112.47
2022-03-20T00:00:00,uk oil prices,_field_price,110.84
2022-03-21T00:00:00,uk oil prices,_field_price,110.39
2022-03-22T00:00:00,uk oil prices,_field_price,109.75
2022-03-23T00:00:00,uk oil prices,_field_price,106.94
2022-03-24T00:00:00,uk oil prices,_field_price,106.18
2022-03-25T00:00:00,uk oil prices,_field_price,105.42
2022-03-26T00:00:00,uk oil prices,_field_price,104.6
2022-03-27T00:00:00,uk oil prices,_field_price,103.98
2022-03-28T00:00:00,uk oil prices,_field_price,103.92
2022-03-29T00:00:00,uk oil prices,_field_price,103.67
2022-03-30T00:00:00,uk oil prices,_field_price,102.25
2022-03-31T00:00:00,uk oil prices,_field_price,101.39
2022-04-01T00:00:00,uk oil prices,_field_price,100.22
2022-04-02T00:00:00,uk oil prices,_field_price,99.67
2022-04-03T00:00:00,uk oil prices,_field_price,99.61
2022-04-04T00:00:00,uk oil prices,_field_price,99.41
2022-04-05T00:00:00,uk oil prices,_field_price,98.63
2022-04-06T00:00:00,uk oil prices,_field_price,98.42
2022-04-07T00:00:00,uk oil prices,_field_price,97.55
2022-04-08T00:00:00,uk oil prices,_field_price,96.83
2022-04-09T00:00:00,uk oil prices,_field_price,95.83
2022-04-10T00:00:00,uk oil prices,_field_price,95.07
2022-04-11T00:00:00,uk oil prices,_field_price,95.98
2022-04-12T00:00:00,uk oil prices,_field_price,96.73
2022-04-13T00:00:00,uk oil prices,_field_price,95.63
2022-04-14T00:00:00,uk oil prices,_field_price,95.56
2022-04-15T00:00:00,uk oil prices,_field_price,95.41
2022-04-16T00:00:00,uk oil prices,_field_price,95.41
2022-04-17T00:00:00,uk oil prices,_field_price,95.4
2022-04-18T00:00:00,uk oil prices,_field_price,95.89
2022-04-19T00:00:00,uk oil prices,_field_price,95.72
2022-04-20T00:00:00,uk oil prices,_field_price,96.83
2022-04-21T00:00:00,uk oil prices,_field_price,96.76
2022-04-22T00:00:00,uk oil prices,_field_price,96.82
2022-04-23T00:00:00,uk oil prices,_field_price,96.54
2022-04-24T00:00:00,uk oil prices,_field_price,96.73
2022-04-25T00:00:00,uk oil prices,_field_price,96.62
2022-04-26T00:00:00,uk oil prices,_field_price,96.33
2022-04-27T00:00:00,uk oil prices,_field_price,95.96
2022-04-28T00:00:00,uk oil prices,_field_price,97.43
2022-04-29T00:00:00,uk oil prices,_field_price,99.44
2022-04-30T00:00:00,uk oil prices,_field_price,102.06
2022-05-01T00:00:00,uk oil prices,_field_price,102.04
2022-05-02T00:00:00,uk oil prices,_field_price,101.91
2022-05-03T00:00:00,uk oil prices,_field_price,101.93
2022-05-04T00:00:00,uk oil prices,_field_price,103.57
2022-05-05T00:00:00,uk oil prices,_field_price,103.66
2022-05-06T00:00:00,uk oil prices,_field_price,103.9
2022-05-07T00:00:00,uk oil prices,_field_price,103.88
2022-05-08T00:00:00,uk oil prices,_field_price,103.74
2022-05-09T00:00:00,uk oil prices,_field_price,103.41
2022-05-10T00:00:00,uk oil prices,_field_price,102.75
2022-05-11T00:00:00,uk oil prices,_field_price,101.96
2022-05-12T00:00:00,uk oil prices,_field_price,101.59
2022-05-13T00:00:00,uk oil prices,_field_price,101.12
2022-05-14T00:00:00,uk oil prices,_field_price,99.87
2022-05-15T00:00:00,uk oil prices,_field_price,99.72
2022-05-16T00:00:00,uk oil prices,_field_price,99.67
2022-05-17T00:00:00,uk oil prices,_field_price,98.85
2022-05-18T00:00:00,uk oil prices,_field_price,98.03
2022-05-19T00:00:00,uk oil prices,_field_price,96.9
2022-05-20T00:00:00,uk oil prices,_field_price,94.78
2022-05-21T00:00:00,uk oil prices,_field_price,93.69
2022-05-22T00:00:00,uk oil prices,_field_price,93.69
2022-05-23T00:00:00,uk oil prices,_field_price,93.71
2022-05-24T00:00:00,uk oil prices,_field_price,93.19
2022-05-25T00:00:00,uk oil prices,_field_price,92.79
2022-05-26T00:00:00,uk oil prices,_field_price,93.33
2022-05-27T00:00:00,uk oil prices,_field_price,93.25
2022-05-28T00:00:00,uk oil prices,_field_price,94.43
2022-05-29T00:00:00,uk oil prices,_field_price,94.28
2022-05-30T00:00:00,uk oil prices,_field_price,94.26
2022-05-31T00:00:00,uk oil prices,_field_price,96.06
2022-06-01T00:00:00,uk oil prices,_field_price,99.45
2022-06-02T00:00:00,uk oil prices,_field_price,99.76
2022-06-03T00:00:00,uk oil prices,_field_price,100.1
2022-06-04T00:00:00,uk oil prices,_field_price,100.2
2022-06-05T00:00:00,uk oil prices,_field_price,100.23
2022-06-06T00:00:00,uk oil prices,_field_price,100.33
2022-06-07T00:00:00,uk oil prices,_field_price,102.34
2022-06-08T00:00:00,uk oil prices,_field_price,103.29
2022-06-09T00:00:00,uk oil prices,_field_price,103.65
2022-06-10T00:00:00,uk oil prices,_field_price,103.95
2022-06-11T00:00:00,uk oil prices,_field_price,105.28
2022-06-12T00:00:00,uk oil prices,_field_price,105.26
2022-06-13T00:00:00,uk oil prices,_field_price,105.3
2022-06-14T00:00:00,uk oil prices,_field_price,106.23
2022-06-15T00:00:00,uk oil prices,_field_price,106.66
2022-06-16T00:00:00,uk oil prices,_field_price,108.97
2022-06-17T00:00:00,uk oil prices,_field_price,109.31
2022-06-18T00:00:00,uk oil prices,_field_price,109.16
2022-06-19T00:00:00,uk oil prices,_field_price,109.29
2022-06-20T00:00:00,uk oil prices,_field_price,109.24
2022-06-21T00:00:00,uk oil prices,_field_price,108.79
2022-06-22T00:00:00,uk oil prices,_field_price,108.53
2022-06-23T00:00:00,uk oil prices,_field_price,108.17
2022-06-24T00:00:00,uk oil prices,_field_price,106.88
2022-06-25T00:00:00,uk oil prices,_field_price,107.42
2022-06-26T00:00:00,uk oil prices,_field_price,107.42
2022-06-27T00:00:00,uk oil prices,_field_price,107.31
2022-06-28T00:00:00,uk oil prices,_field_price,104.97
2022-06-29T00:00:00,uk oil prices,_field_price,103.43
2022-06-30T00:00:00,uk oil prices,_field_price,102.34
2022-07-01T00:00:00,uk oil prices,_field_price,101.7
2022-07-02T00:00:00,uk oil prices,_field_price,100.88
2022-07-03T00:00:00,uk oil prices,_field_price,100.83
2022-07-04T00:00:00,uk oil prices,_field_price,100.82
2022-07-05T00:00:00,uk oil prices,_field_price,101.41
2022-07-06T00:00:00,uk oil prices,_field_price,100.47
2022-07-07T00:00:00,uk oil prices,_field_price,98.57
2022-07-08T00:00:00,uk oil prices,_field_price,96.96
2022-07-09T00:00:00,uk oil prices,_field_price,97.29
2022-07-10T00:00:00,uk oil prices,_field_price,97.26
2022-07-11T00:00:00,uk oil prices,_field_price,97.26
2022-07-12T00:00:00,uk oil prices,_field_price,95.45
2022-07-13T00:00:00,uk oil prices,_field_price,96.63
2022-07-14T00:00:00,uk oil prices,_field_price,96.31
2022-07-15T00:00:00,uk oil prices,_field_price,95.79
2022-07-16T00:00:00,uk oil prices,_field_price,94.92
2022-07-17T00:00:00,uk oil prices,_field_price,94.83
2022-07-18T00:00:00,uk oil prices,_field_price,94.79
2022-07-19T00:00:00,uk oil prices,_field_price,94.95
2022-07-20T00:00:00,uk oil prices,_field_price,94.75
2022-07-21T00:00:00,uk oil prices,_field_price,93.88
2022-07-22T00:00:00,uk oil prices,_field_price,93.04
2022-07-23T00:00:00,uk oil prices,_field_price,91.72
2022-07-24T00:00:00,uk oil prices,_field_price,91.84
2022-07-25T00:00:00,uk oil prices,_field_price,91.74
2022-07-26T00:00:00,uk oil prices,_field_price,91.73
2022-07-27T00:00:00,uk oil prices,_field_price,91.49
2022-07-28T00:00:00,uk oil prices,_field_price,91.06
2022-07-29T00:00:00,uk oil prices,_field_price,91.19
2022-07-30T00:00:00,uk oil prices,_field_price,91.05
2022-07-31T00:00:00,uk oil prices,_field_price,90.95
2022-08-01T00:00:00,uk oil prices,_field_price,90.93
2022-08-02T00:00:00,uk oil prices,_field_price,90.86
2022-08-03T00:00:00,uk oil prices,_field_price,89.29
2022-08-04T00:00:00,uk oil prices,_field_price,88.54
2022-08-05T00:00:00,uk oil prices,_field_price,87.8
2022-08-06T00:00:00,uk oil prices,_field_price,86.99
2022-08-07T00:00:00,uk oil prices,_field_price,86.86
2022-08-08T00:00:00,uk oil prices,_field_price,86.82
2022-08-09T00:00:00,uk oil prices,_field_price,86.5
2022-08-10T00:00:00,uk oil prices,_field_price,85.94
2022-08-11T00:00:00,uk oil prices,_field_price,86.05
2022-08-12T00:00:00,uk oil prices,_field_price,85.48
2022-08-13T00:00:00,uk oil prices,_field_price,86.49
2022-08-14T00:00:00,uk oil prices,_field_price,86.54
2022-08-15T00:00:00,uk oil prices,_field_price,86.63
2022-08-16T00:00:00,uk oil prices,_field_price,86.96
2022-08-17T00:00:00,uk oil prices,_field_price,86.81
2022-08-18T00:00:00,uk oil prices,_field_price,86.75
2022-08-19T00:00:00,uk oil prices,_field_price,88.01
2022-08-20T00:00:00,uk oil prices,_field_price,89.29
2022-08-21T00:00:00,uk oil prices,_field_price,88.84
2022-08-22T00:00:00,uk oil prices,_field_price,87.79
2022-08-23T00:00:00,uk oil prices,_field_price,90.88
2022-08-24T00:00:00,uk oil prices,_field_price,92.6
2022-08-25T00:00:00,uk oil prices,_field_price,93.87
2022-08-26T00:00:00,uk oil prices,_field_price,97.18
2022-08-27T00:00:00,uk oil prices,_field_price,99.14
2022-08-28T00:00:00,uk oil prices,_field_price,98.18
2022-08-29T00:00:00,uk oil prices,_field_price,98.23
2022-08-30T00:00:00,uk oil prices,_field_price,98.15
2022-08-31T00:00:00,uk oil prices,_field_price,100.26
2022-09-01T00:00:00,uk oil prices,_field_price,98.37
2022-09-02T00:00:00,uk oil prices,_field_price,97.02
2022-09-03T00:00:00,uk oil prices,_field_price,96.83
2022-09-04T00:00:00,uk oil prices,_field_price,96.84
2022-09-05T00:00:00,uk oil prices,_field_price,97.07
2022-09-06T00:00:00,uk oil prices,_field_price,98.66
2022-09-07T00:00:00,uk oil prices,_field_price,98.67
2022-09-08T00:00:00,uk oil prices,_field_price,96.74
2022-09-09T00:00:00,uk oil prices,_field_price,95.69
2022-09-10T00:00:00,uk oil prices,_field_price,95.29
2022-09-11T00:00:00,uk oil prices,_field_price,95.27
2022-09-12T00:00:00,uk oil prices,_field_price,95.2
2022-09-13T00:00:00,uk oil prices,_field_price,94.95
2022-09-14T00:00:00,uk oil prices,_field_price,95.01
2022-09-15T00:00:00,uk oil prices,_field_price,93.98
2022-09-16T00:00:00,uk oil prices,_field_price,91.4
2022-09-17T00:00:00,uk oil prices,_field_price,91.05
2022-09-18T00:00:00,uk oil prices,_field_price,91.01
2022-09-19T00:00:00,uk oil prices,_field_price,91.22
2022-09-20T00:00:00,uk oil prices,_field_price,91.4
2022-09-21T00:00:00,uk oil prices,_field_price,90.93
2022-09-22T00:00:00,uk oil prices,_field_price,92.47
2022-09-23T00:00:00,uk oil prices,_field_price,91.97
2022-09-24T00:00:00,uk oil prices,_field_price,92.11
2022-09-25T00:00:00,uk oil prices,_field_price,91.32
2022-09-26T00:00:00,uk oil prices,_field_price,91.38
2022-09-27T00:00:00,uk oil prices,_field_price,91.69
2022-09-28T00:00:00,uk oil prices,_field_price,90.96
2022-09-29T00:00:00,uk oil prices,_field_price,91.72
2022-09-30T00:00:00,uk oil prices,_field_price,92.79
2022-10-01T00:00:00,uk oil prices,_field_price,90.97
2022-10-02T00:00:00,uk oil prices,_field_price,90.89
2022-10-03T00:00:00,uk oil prices,_field_price,90.87
2022-10-04T00:00:00,uk oil prices,_field_price,90.04
2022-10-05T00:00:00,uk oil prices,_field_price,90.01
2022-10-06T00:00:00,uk oil prices,_field_price,90.62
2022-10-07T00:00:00,uk oil prices,_field_price,93.63
2022-10-08T00:00:00,uk oil prices,_field_price,96.99
2022-10-09T00:00:00,uk oil prices,_field_price,97.15
2022-10-10T00:00:00,uk oil prices,_field_price,97.28
2022-10-11T00:00:00,uk oil prices,_field_price,100.66
2022-10-12T00:00:00,uk oil prices,_field_price,98.75
2022-10-13T00:00:00,uk oil prices,_field_price,97.59
2022-10-14T00:00:00,uk oil prices,_field_price,98.24
2022-10-15T00:00:00,uk oil prices,_field_price,97.74
2022-10-16T00:00:00,uk oil prices,_field_price,97.56
2022-10-17T00:00:00,uk oil prices,_field_price,97.48
2022-10-18T00:00:00,uk oil prices,_field_price,96.76
2022-10-19T00:00:00,uk oil prices,_field_price,96.15
2022-10-20T00:00:00,uk oil prices,_field_price,94.98
2022-10-21T00:00:00,uk oil prices,_field_price,94.44
2022-10-22T00:00:00,uk oil prices,_field_price,92.72
2022-10-23T00:00:00,uk oil prices,_field_price,92.61
2022-10-24T00:00:00,uk oil prices,_field_price,91.63
2022-10-25T00:00:00,uk oil prices,_field_price,90.88
2022-10-26T00:00:00,uk oil prices,_field_price,90.54
2022-10-27T00:00:00,uk oil prices,_field_price,88.82
2022-10-28T00:00:00,uk oil prices,_field_price,88.22
2022-10-29T00:00:00,uk oil prices,_field_price,88.41
2022-10-30T00:00:00,uk oil prices,_field_price,88.35
2022-10-31T00:00:00,uk oil prices,_field_price,88.16
2022-11-01T00:00:00,uk oil prices,_field_price,87.16
2022-11-02T00:00:00,uk oil prices,_field_price,86.18
2022-11-03T00:00:00,uk oil prices,_field_price,85.6
2022-11-04T00:00:00,uk oil prices,_field_price,87.36
2022-11-05T00:00:00,uk oil prices,_field_price,89.24
2022-11-06T00:00:00,uk oil prices,_field_price,89.33
2022-11-07T00:00:00,uk oil prices,_field_price,89.36
2022-11-08T00:00:00,uk oil prices,_field_price,90.72
2022-11-09T00:00:00,uk oil prices,_field_price,90.17
2022-11-10T00:00:00,uk oil prices,_field_price,89.47
2022-11-11T00:00:00,uk oil prices,_field_price,89.05
2022-11-12T00:00:00,uk oil prices,_field_price,88.43
2022-11-13T00:00:00,uk oil prices,_field_price,88.5
2022-11-14T00:00:00,uk oil prices,_field_price,88.58
2022-11-15T00:00:00,uk oil prices,_field_price,88.44
2022-11-16T00:00:00,uk oil prices,_field_price,87.61
2022-11-17T00:00:00,uk oil prices,_field_price,87.13
2022-11-18T00:00:00,uk oil prices,_field_price,86.46
2022-11-19T00:00:00,uk oil prices,_field_price,85.7
2022-11-20T00:00:00,uk oil prices,_field_price,85.43
2022-11-21T00:00:00,uk oil prices,_field_price,85.32
2022-11-22T00:00:00,uk oil prices,_field_price,85.79
2022-11-23T00:00:00,uk oil prices,_field_price,85.69
2022-11-24T00:00:00,uk oil prices,_field_price,85.68
2022-11-25T00:00:00,uk oil prices,_field_price,84.69
2022-11-26T00:00:00,uk oil prices,_field_price,83.28
2022-11-27T00:00:00,uk oil prices,_field_price,83.07
2022-11-28T00:00:00,uk oil prices,_field_price,82.5
2022-11-29T00:00:00,uk oil prices,_field_price,81.63
2022-11-30T00:00:00,uk oil prices,_field_price,80.91
2022-12-01T00:00:00,uk oil prices,_field_price,81.09
2022-12-02T00:00:00,uk oil prices,_field_price,80.97
2022-12-03T00:00:00,uk oil prices,_field_price,80.12
2022-12-04T00:00:00,uk oil prices,_field_price,80.0
2022-12-05T00:00:00,uk oil prices,_field_price,79.99
2022-12-06T00:00:00,uk oil prices,_field_price,81.81
2022-12-07T00:00:00,uk oil prices,_field_price,81.36
2022-12-08T00:00:00,uk oil prices,_field_price,80.94
2022-12-09T00:00:00,uk oil prices,_field_price,81.51
2022-12-10T00:00:00,uk oil prices,_field_price,85.73
2022-12-11T00:00:00,uk oil prices,_field_price,85.83
2022-12-12T00:00:00,uk oil prices,_field_price,85.41
2022-12-13T00:00:00,uk oil prices,_field_price,89.9
2022-12-14T00:00:00,uk oil prices,_field_price,89.94
2022-12-15T00:00:00,uk oil prices,_field_price,91.36
2022-12-16T00:00:00,uk oil prices,_field_price,93.95
2022-12-17T00:00:00,uk oil prices,_field_price,93.22
2022-12-18T00:00:00,uk oil prices,_field_price,93.21
2022-12-19T00:00:00,uk oil prices,_field_price,91.92
2022-12-20T00:00:00,uk oil prices,_field_price,91.86
2022-12-21T00:00:00,uk oil prices,_field_price,92.05
2022-12-22T00:00:00,uk oil prices,_field_price,90.98
2022-12-23T00:00:00,uk oil prices,_field_price,90.36
2022-12-24T00:00:00,uk oil prices,_field_price,89.26
2022-12-25T00:00:00,uk oil prices,_field_price,89.23
2022-12-26T00:00:00,uk oil prices,_field_price,89.2
2022-12-27T00:00:00,uk oil prices,_field_price,89.17
2022-12-28T00:00:00,uk oil prices,_field_price,89.01
2022-12-29T00:00:00,uk oil prices,_field_price,89.31
2022-12-30T00:00:00,uk oil prices,_field_price,88.67
2022-12-31T00:00:00,uk oil prices,_field_price,88.32
2023-01-01T00:00:00,uk oil prices,_field_price,88.08
2023-01-02T00:00:00,uk oil prices,_field_price,87.92
2023-01-03T00:00:00,uk oil prices,_field_price,87.6
2023-01-04T00:00:00,uk oil prices,_field_price,87.82
2023-01-05T00:00:00,uk oil prices,_field_price,86.43
2023-01-06T00:00:00,uk oil prices,_field_price,84.01
2023-01-07T00:00:00,uk oil prices,_field_price,83.31
2023-01-08T00:00:00,uk oil prices,_field_price,83.13
2023-01-09T00:00:00,uk oil prices,_field_price,83.14
2023-01-10T00:00:00,uk oil prices,_field_price,82.95
2023-01-11T00:00:00,uk oil prices,_field_price,82.04
2023-01-12T00:00:00,uk oil prices,_field_price,82.25
2023-01-13T00:00:00,uk oil prices,_field_price,82.12
2023-01-14T00:00:00,uk oil prices,_field_price,81.86
2023-01-15T00:00:00,uk oil prices,_field_price,81.8
2023-01-16T00:00:00,uk oil prices,_field_price,81.98
2023-01-17T00:00:00,uk oil prices,_field_price,83.24
2023-01-18T00:00:00,uk oil prices,_field_price,83.84
2023-01-19T00:00:00,uk oil prices,_field_price,84.13
2023-01-20T00:00:00,uk oil prices,_field_price,84.5
2023-01-21T00:00:00,uk oil prices,_field_price,84.91
2023-01-22T00:00:00,uk oil prices,_field_price,84.87
2023-01-23T00:00:00,uk oil prices,_field_price,84.82
2023-01-24T00:00:00,uk oil prices,_field_price,86.46
2023-01-25T00:00:00,uk oil prices,_field_price,87.83
2023-01-26T00:00:00,uk oil prices,_field_price,88.33
2023-01-27T00:00:00,uk oil prices,_field_price,87.79
2023-01-28T00:00:00,uk oil prices,_field_price,85.54
2023-01-29T00:00:00,uk oil prices,_field_price,85.43
2023-01-30T00:00:00,uk oil prices,_field_price,85.68
2023-01-31T00:00:00,uk oil prices,_field_price,86.07
2023-02-01T00:00:00,uk oil prices,_field_price,85.32
2023-02-02T00:00:00,uk oil prices,_field_price,84.89
2023-02-03T00:00:00,uk oil prices,_field_price,84.21
2023-02-04T00:00:00,uk oil prices,_field_price,81.0
2023-02-05T00:00:00,uk oil prices,_field_price,80.04
2023-02-06T00:00:00,uk oil prices,_field_price,79.52
2023-02-07T00:00:00,uk oil prices,_field_price,79.78
2023-02-08T00:00:00,uk oil prices,_field_price,78.96
2023-02-09T00:00:00,uk oil prices,_field_price,80.07
2023-02-10T00:00:00,uk oil prices,_field_price,80.04
2023-02-11T00:00:00,uk oil prices,_field_price,77.82
2023-02-12T00:00:00,uk oil prices,_field_price,77.76
2023-02-13T00:00:00,uk oil prices,_field_price,76.47
2023-02-14T00:00:00,uk oil prices,_field_price,77.07
2023-02-15T00:00:00,uk oil prices,_field_price,76.97
2023-02-16T00:00:00,uk oil prices,_field_price,76.63
2023-02-17T00:00:00,uk oil prices,_field_price,76.19
2023-02-18T00:00:00,uk oil prices,_field_price,74.61
2023-02-19T00:00:00,uk oil prices,_field_price,74.51
2023-02-20T00:00:00,uk oil prices,_field_price,73.62
2023-02-21T00:00:00,uk oil prices,_field_price,74.1
2023-02-22T00:00:00,uk oil prices,_field_price,73.86
2023-02-23T00:00:00,uk oil prices,_field_price,73.67
2023-02-24T00:00:00,uk oil prices,_field_price,73.34
2023-02-25T00:00:00,uk oil prices,_field_price,72.3
2023-02-26T00:00:00,uk oil prices,_field_price,72.25
2023-02-27T00:00:00,uk oil prices,_field_price,72.22
2023-02-28T00:00:00,uk oil prices,_field_price,73.44
2023-03-01T00:00:00,uk oil prices,_field_price,73.5
2023-03-02T00:00:00,uk oil prices,_field_price,73.56
2023-03-03T00:00:00,uk oil prices,_field_price,73.65
2023-03-04T00:00:00,uk oil prices,_field_price,74.0
2023-03-05T00:00:00,uk oil prices,_field_price,73.84
2023-03-06T00:00:00,uk oil prices,_field_price,73.88
2023-03-07T00:00:00,uk oil prices,_field_price,74.83
2023-03-08T00:00:00,uk oil prices,_field_price,74.71
2023-03-09T00:00:00,uk oil prices,_field_price,74.7
2023-03-10T00:00:00,uk oil prices,_field_price,74.24
2023-03-11T00:00:00,uk oil prices,_field_price,73.86
2023-03-12T00:00:00,uk oil prices,_field_price,73.52
2023-03-13T00:00:00,uk oil prices,_field_price,73.22
2023-03-14T00:00:00,uk oil prices,_field_price,73.33
2023-03-15T00:00:00,uk oil prices,_field_price,72.75
2023-03-16T00:00:00,uk oil prices,_field_price,71.8
2023-03-17T00:00:00,uk oil prices,_field_price,70.54
2023-03-18T00:00:00,uk oil prices,_field_price,69.63
2023-03-19T00:00:00,uk oil prices,_field_price,69.1
2023-03-20T00:00:00,uk oil prices,_field_price,69.24
2023-03-21T00:00:00,uk oil prices,_field_price,68.81
2023-03-22T00:00:00,uk oil prices,_field_price,68.18
2023-03-23T00:00:00,uk oil prices,_field_price,66.95
2023-03-24T00:00:00,uk oil prices,_field_price,66.2
2023-03-25T00:00:00,uk oil prices,_field_price,66.09
2023-03-26T00:00:00,uk oil prices,_field_price,65.02
2023-03-27T00:00:00,uk oil prices,_field_price,65.72
2023-03-28T00:00:00,uk oil prices,_field_price,65.59
2023-03-29T00:00:00,uk oil prices,_field_price,65.74
2023-03-30T00:00:00,uk oil prices,_field_price,65.05
2023-03-31T00:00:00,uk oil prices,_field_price,64.72
2023-04-01T00:00:00,uk oil prices,_field_price,64.7
2023-04-02T00:00:00,uk oil prices,_field_price,64.16
2023-04-03T00:00:00,uk oil prices,_field_price,64.13
2023-04-04T00:00:00,uk oil prices,_field_price,65.64
2023-04-05T00:00:00,uk oil prices,_field_price,65.92
2023-04-06T00:00:00,uk oil prices,_field_price,65.75
2023-04-07T00:00:00,uk oil prices,_field_price,66.05
2023-04-08T00:00:00,uk oil prices,_field_price,66.02
2023-04-09T00:00:00,uk oil prices,_field_price,66.01
2023-04-10T00:00:00,uk oil prices,_field_price,66.01
2023-04-11T00:00:00,uk oil prices,_field_price,66.07
2023-04-12T00:00:00,uk oil prices,_field_price,66.36
2023-04-13T00:00:00,uk oil prices,_field_price,65.95
2023-04-14T00:00:00,uk oil prices,_field_price,65.81
2023-04-15T00:00:00,uk oil prices,_field_price,65.69
2023-04-16T00:00:00,uk oil prices,_field_price,65.68
2023-04-17T00:00:00,uk oil prices,_field_price,65.65
2023-04-18T00:00:00,uk oil prices,_field_price,65.53
2023-04-19T00:00:00,uk oil prices,_field_price,65.28
2023-04-20T00:00:00,uk oil prices,_field_price,64.67
2023-04-21T00:00:00,uk oil prices,_field_price,63.92
2023-04-22T00:00:00,uk oil prices,_field_price,63.05
2023-04-23T00:00:00,uk oil prices,_field_price,63.07
2023-04-24T00:00:00,uk oil prices,_field_price,63.21
2023-04-25T00:00:00,uk oil prices,_field_price,63.41
2023-04-26T00:00:00,uk oil prices,_field_price,63.29
2023-04-27T00:00:00,uk oil prices,_field_price,62.64
2023-04-28T00:00:00,uk oil prices,_field_price,61.66
2023-04-29T00:00:00,uk oil prices,_field_price,60.74
2023-04-30T00:00:00,uk oil prices,_field_price,60.81
2023-05-01T00:00:00,uk oil prices,_field_price,60.8
2023-05-02T00:00:00,uk oil prices,_field_price,60.78
2023-05-03T00:00:00,uk oil prices,_field_price,60.84
2023-05-04T00:00:00,uk oil prices,_field_price,60.04
2023-05-05T00:00:00,uk oil prices,_field_price,59.75
2023-05-06T00:00:00,uk oil prices,_field_price,59.03
2023-05-07T00:00:00,uk oil prices,_field_price,58.99
2023-05-08T00:00:00,uk oil prices,_field_price,58.74
2023-05-09T00:00:00,uk oil prices,_field_price,58.79
2023-05-10T00:00:00,uk oil prices,_field_price,59.47
2023-05-11T00:00:00,uk oil prices,_field_price,59.33
2023-05-12T00:00:00,uk oil prices,_field_price,58.99
2023-05-13T00:00:00,uk oil prices,_field_price,58.64
2023-05-14T00:00:00,uk oil prices,_field_price,58.65
2023-05-15T00:00:00,uk oil prices,_field_price,58.62
2023-05-16T00:00:00,uk oil prices,_field_price,58.19
2023-05-17T00:00:00,uk oil prices,_field_price,58.08
2023-05-18T00:00:00,uk oil prices,_field_price,57.95
2023-05-19T00:00:00,uk oil prices,_field_price,58.36
2023-05-20T00:00:00,uk oil prices,_field_price,58.1
2023-05-21T00:00:00,uk oil prices,_field_price,58.08
2023-05-22T00:00:00,uk oil prices,_field_price,57.84
2023-05-23T00:00:00,uk oil prices,_field_price,58.02
2023-05-24T00:00:00,uk oil prices,_field_price,57.81
2023-05-25T00:00:00,uk oil prices,_field_price,57.89
2023-05-26T00:00:00,uk oil prices,_field_price,58.0
2023-05-27T00:00:00,uk oil prices,_field_price,57.49
2023-05-28T00:00:00,uk oil prices,_field_price,57.66
2023-05-29T00:00:00,uk oil prices,_field_price,57.67
2023-05-30T00:00:00,uk oil prices,_field_price,57.67
2023-05-31T00:00:00,uk oil prices,_field_price,57.79
2023-06-01T00:00:00,uk oil prices,_field_price,56.73
2023-06-02T00:00:00,uk oil prices,_field_price,56.49
2023-06-03T00:00:00,uk oil prices,_field_price,56.56
2023-06-04T00:00:00,uk oil prices,_field_price,56.57
2023-06-05T00:00:00,uk oil prices,_field_price,56.58
2023-06-06T00:00:00,uk oil prices,_field_price,57.34
2023-06-07T00:00:00,uk oil prices,_field_price,57.78
2023-06-08T00:00:00,uk oil prices,_field_price,57.7
2023-06-09T00:00:00,uk oil prices,_field_price,57.86
2023-06-10T00:00:00,uk oil prices,_field_price,57.82
2023-06-11T00:00:00,uk oil prices,_field_price,57.8
2023-06-12T00:00:00,uk oil prices,_field_price,57.77
2023-06-13T00:00:00,uk oil prices,_field_price,57.5
2023-06-14T00:00:00,uk oil prices,_field_price,56.99
2023-06-15T00:00:00,uk oil prices,_field_price,57.2
2023-06-16T00:00:00,uk oil prices,_field_price,56.75
2023-06-17T00:00:00,uk oil prices,_field_price,57.34
2023-06-18T00:00:00,uk oil prices,_field_price,57.31
2023-06-19T00:00:00,uk oil prices,_field_price,57.3
2023-06-20T00:00:00,uk oil prices,_field_price,58.13
2023-06-21T00:00:00,uk oil prices,_field_price,57.92
2023-06-22T00:00:00,uk oil prices,_field_price,57.57
2023-06-23T00:00:00,uk oil prices,_field_price,58.14
2023-06-24T00:00:00,uk oil prices,_field_price,57.38
2023-06-25T00:00:00,uk oil prices,_field_price,57.34
2023-06-26T00:00:00,uk oil prices,_field_price,57.34
2023-06-27T00:00:00,uk oil prices,_field_price,57.2
2023-06-28T00:00:00,uk oil prices,_field_price,57.45
2023-06-29T00:00:00,uk oil prices,_field_price,57.27
2023-06-30T00:00:00,uk oil prices,_field_price,57.29
2023-07-01T00:00:00,uk oil prices,_field_price,57.46
2023-07-02T00:00:00,uk oil prices,_field_price,57.46
2023-07-03T00:00:00,uk oil prices,_field_price,57.45
2023-07-04T00:00:00,uk oil prices,_field_price,57.72
2023-07-05T00:00:00,uk oil prices,_field_price,57.66
2023-07-06T00:00:00,uk oil prices,_field_price,58.03
2023-07-07T00:00:00,uk oil prices,_field_price,58.02
2023-07-08T00:00:00,uk oil prices,_field_price,58.07
2023-07-09T00:00:00,uk oil prices,_field_price,58.07
2023-07-10T00:00:00,uk oil prices,_field_price,58.05
2023-07-11T00:00:00,uk oil prices,_field_price,58.95
2023-07-12T00:00:00,uk oil prices,_field_price,59.1
2023-07-13T00:00:00,uk oil prices,_field_price,59.15
2023-07-14T00:00:00,uk oil prices,_field_price,59.22
2023-07-15T00:00:00,uk oil prices,_field_price,59.22
2023-07-16T00:00:00,uk oil prices,_field_price,59.21
2023-07-17T00:00:00,uk oil prices,_field_price,59.21
2023-07-18T00:00:00,uk oil prices,_field_price,59.03
2023-07-19T00:00:00,uk oil prices,_field_price,58.92
2023-07-20T00:00:00,uk oil prices,_field_price,59.7
2023-07-21T00:00:00,uk oil prices,_field_price,61.04
2023-07-22T00:00:00,uk oil prices,_field_price,61.6
2023-07-23T00:00:00,uk oil prices,_field_price,61.83
2023-07-24T00:00:00,uk oil prices,_field_price,61.95
2023-07-25T00:00:00,uk oil prices,_field_price,63.29
2023-07-26T00:00:00,uk oil prices,_field_price,64.63
2023-07-27T00:00:00,uk oil prices,_field_price,64.74
2023-07-28T00:00:00,uk oil prices,_field_price,65.29
2023-07-29T00:00:00,uk oil prices,_field_price,66.79
2023-07-30T00:00:00,uk oil prices,_field_price,66.81
2023-07-31T00:00:00,uk oil prices,_field_price,66.97
2023-08-01T00:00:00,uk oil prices,_field_price,68.4
2023-08-02T00:00:00,uk oil prices,_field_price,69.66
2023-08-03T00:00:00,uk oil prices,_field_price,71.68
2023-08-04T00:00:00,uk oil prices,_field_price,71.75
2023-08-05T00:00:00,uk oil prices,_field_price,72.3
2023-08-06T00:00:00,uk oil prices,_field_price,72.29
2023-08-07T00:00:00,uk oil prices,_field_price,72.18
2023-08-08T00:00:00,uk oil prices,_field_price,72.39
2023-08-09T00:00:00,uk oil prices,_field_price,72.11
2023-08-10T00:00:00,uk oil prices,_field_price,72.86
2023-08-11T00:00:00,uk oil prices,_field_price,75.1
2023-08-12T00:00:00,uk oil prices,_field_price,75.18
2023-08-13T00:00:00,uk oil prices,_field_price,75.17
2023-08-14T00:00:00,uk oil prices,_field_price,75.16
2023-08-15T00:00:00,uk oil prices,_field_price,75.03
2023-08-16T00:00:00,uk oil prices,_field_price,74.74
2023-08-17T00:00:00,uk oil prices,_field_price,74.27
2023-08-18T00:00:00,uk oil prices,_field_price,73.92
2023-08-19T00:00:00,uk oil prices,_field_price,74.06
2023-08-20T00:00:00,uk oil prices,_field_price,74.04
2023-08-21T00:00:00,uk oil prices,_field_price,74.01
2023-08-22T00:00:00,uk oil prices,_field_price,74.32
2023-08-23T00:00:00,uk oil prices,_field_price,74.09
2023-08-24T00:00:00,uk oil prices,_field_price,74.1
2023-08-25T00:00:00,uk oil prices,_field_price,74.1
2023-08-26T00:00:00,uk oil prices,_field_price,74.81
2023-08-27T00:00:00,uk oil prices,_field_price,74.81
2023-08-28T00:00:00,uk oil prices,_field_price,74.81
2023-08-29T00:00:00,uk oil prices,_field_price,74.87
2023-08-30T00:00:00,uk oil prices,_field_price,76.26
2023-08-31T00:00:00,uk oil prices,_field_price,75.95
2023-09-01T00:00:00,uk oil prices,_field_price,75.31
2023-09-02T00:00:00,uk oil prices,_field_price,75.22
2023-09-03T00:00:00,uk oil prices,_field_price,75.21
2023-09-04T00:00:00,uk oil prices,_field_price,75.19
2023-09-05T00:00:00,uk oil prices,_field_price,76.0
2023-09-06T00:00:00,uk oil prices,_field_price,75.88
2023-09-07T00:00:00,uk oil prices,_field_price,77.09
2023-09-08T00:00:00,uk oil prices,_field_price,76.65
2023-09-09T00:00:00,uk oil prices,_field_price,77.68
2023-09-10T00:00:00,uk oil prices,_field_price,77.67
2023-09-11T00:00:00,uk oil prices,_field_price,77.4
2023-09-12T00:00:00,uk oil prices,_field_price,78.71
2023-09-13T00:00:00,uk oil prices,_field_price,78.92
2023-09-14T00:00:00,uk oil prices,_field_price,79.24
2023-09-15T00:00:00,uk oil prices,_field_price,80.09
2023-09-16T00:00:00,uk oil prices,_field_price,80.99
2023-09-17T00:00:00,uk oil prices,_field_price,80.97
2023-09-18T00:00:00,uk oil prices,_field_price,81.14
2023-09-19T00:00:00,uk oil prices,_field_price,81.36
2023-09-20T00:00:00,uk oil prices,_field_price,81.1
2023-09-21T00:00:00,uk oil prices,_field_price,80.85
2023-09-22T00:00:00,uk oil prices,_field_price,82.24
2023-09-23T00:00:00,uk oil prices,_field_price,82.69
2023-09-24T00:00:00,uk oil prices,_field_price,82.7
2023-09-25T00:00:00,uk oil prices,_field_price,82.62
2023-09-26T00:00:00,uk oil prices,_field_price,81.95
2023-09-27T00:00:00,uk oil prices,_field_price,81.19
2023-09-28T00:00:00,uk oil prices,_field_price,81.12
2023-09-29T00:00:00,uk oil prices,_field_price,81.47
2023-09-30T00:00:00,uk oil prices,_field_price,81.94
2023-10-01T00:00:00,uk oil prices,_field_price,81.91
2023-10-02T00:00:00,uk oil prices,_field_price,81.64
2023-10-03T00:00:00,uk oil prices,_field_price,82.1
2023-10-04T00:00:00,uk oil prices,_field_price,80.98
2023-10-05T00:00:00,uk oil prices,_field_price,80.25
2023-10-06T00:00:00,uk oil prices,_field_price,78.77
2023-10-07T00:00:00,uk oil prices,_field_price,77.54
2023-10-08T00:00:00,uk oil prices,_field_price,77.37
2023-10-09T00:00:00,uk oil prices,_field_price,77.28
2023-10-10T00:00:00,uk oil prices,_field_price,77.67
2023-10-11T00:00:00,uk oil prices,_field_price,77.74
2023-10-12T00:00:00,uk oil prices,_field_price,77.9
2023-10-13T00:00:00,uk oil prices,_field_price,77.61
2023-10-14T00:00:00,uk oil prices,_field_price,78.04
2023-10-15T00:00:00,uk oil prices,_field_price,78.07
2023-10-16T00:00:00,uk oil prices,_field_price,78.06
2023-10-17T00:00:00,uk oil prices,_field_price,80.8
2023-10-18T00:00:00,uk oil prices,_field_price,80.67
2023-10-19T00:00:00,uk oil prices,_field_price,80.31
2023-10-20T00:00:00,uk oil prices,_field_price,80.1
2023-10-21T00:00:00,uk oil prices,_field_price,80.19
2023-10-22T00:00:00,uk oil prices,_field_price,80.16
2023-10-23T00:00:00,uk oil prices,_field_price,80.08
2023-10-24T00:00:00,uk oil prices,_field_price,80.75
2023-10-25T00:00:00,uk oil prices,_field_price,79.87
2023-10-26T00:00:00,uk oil prices,_field_price,78.8
2023-10-27T00:00:00,uk oil prices,_field_price,78.46
2023-10-28T00:00:00,uk oil prices,_field_price,78.23
2023-10-29T00:00:00,uk oil prices,_field_price,78.19
2023-10-30T00:00:00,uk oil prices,_field_price,77.98
2023-10-31T00:00:00,uk oil prices,_field_price,77.64
2023-11-01T00:00:00,uk oil prices,_field_price,77.32
2023-11-02T00:00:00,uk oil prices,_field_price,77.52
2023-11-03T00:00:00,uk oil prices,_field_price,77.48
2023-11-04T00:00:00,uk oil prices,_field_price,77.43
2023-11-05T00:00:00,uk oil prices,_field_price,77.29
2023-11-06T00:00:00,uk oil prices,_field_price,76.98
2023-11-07T00:00:00,uk oil prices,_field_price,76.18
2023-11-08T00:00:00,uk oil prices,_field_price,75.64
2023-11-09T00:00:00,uk oil prices,_field_price,74.92
2023-11-10T00:00:00,uk oil prices,_field_price,73.91
2023-11-11T00:00:00,uk oil prices,_field_price,72.98
2023-11-12T00:00:00,uk oil prices,_field_price,73.06
2023-11-13T00:00:00,uk oil prices,_field_price,72.99
2023-11-14T00:00:00,uk oil prices,_field_price,73.09
2023-11-15T00:00:00,uk oil prices,_field_price,73.29
2023-11-16T00:00:00,uk oil prices,_field_price,73.62
2023-11-17T00:00:00,uk oil prices,_field_price,73.52
2023-11-18T00:00:00,uk oil prices,_field_price,72.85
2023-11-19T00:00:00,uk oil prices,_field_price,72.8
2023-11-20T00:00:00,uk oil prices,_field_price,72.62
2023-11-21T00:00:00,uk oil prices,_field_price,72.77
2023-11-22T00:00:00,uk oil prices,_field_price,72.89
2023-11-23T00:00:00,uk oil prices,_field_price,72.56
2023-11-24T00:00:00,uk oil prices,_field_price,72.24
2023-11-25T00:00:00,uk oil prices,_field_price,72.27
2023-11-26T00:00:00,uk oil prices,_field_price,72.29
2023-11-27T00:00:00,uk oil prices,_field_price,72.17
2023-11-28T00:00:00,uk oil prices,_field_price,72.72
2023-11-29T00:00:00,uk oil prices,_field_price,72.47
2023-11-30T00:00:00,uk oil prices,_field_price,72.72
2023-12-01T00:00:00,uk oil prices,_field_price,74.68
2023-12-02T00:00:00,uk oil prices,_field_price,75.23
2023-12-03T00:00:00,uk oil prices,_field_price,75.26
2023-12-04T00:00:00,uk oil prices,_field_price,75.16
2023-12-05T00:00:00,uk oil prices,_field_price,75.31
2023-12-06T00:00:00,uk oil prices,_field_price,74.93
2023-12-07T00:00:00,uk oil prices,_field_price,74.57
2023-12-08T00:00:00,uk oil prices,_field_price,73.95
2023-12-09T00:00:00,uk oil prices,_field_price,75.01
2023-12-10T00:00:00,uk oil prices,_field_price,74.9
2023-12-11T00:00:00,uk oil prices,_field_price,74.49
2023-12-12T00:00:00,uk oil prices,_field_price,74.8
2023-12-13T00:00:00,uk oil prices,_field_price,74.72
2023-12-14T00:00:00,uk oil prices,_field_price,72.72
2023-12-15T00:00:00,uk oil prices,_field_price,73.0
2023-12-16T00:00:00,uk oil prices,_field_price,69.84
2023-12-17T00:00:00,uk oil prices,_field_price,69.31
2023-12-18T00:00:00,uk oil prices,_field_price,68.63
2023-12-19T00:00:00,uk oil prices,_field_price,71.35
2023-12-20T00:00:00,uk oil prices,_field_price,72.88
2023-12-21T00:00:00,uk oil prices,_field_price,72.95
2023-12-22T00:00:00,uk oil prices,_field_price,72.64
2023-12-23T00:00:00,uk oil prices,_field_price,71.78
2023-12-24T00:00:00,uk oil prices,_field_price,70.93
2023-12-25T00:00:00,uk oil prices,_field_price,70.28
2023-12-26T00:00:00,uk oil prices,_field_price,70.28
2023-12-27T00:00:00,uk oil prices,_field_price,69.47
2023-12-28T00:00:00,uk oil prices,_field_price,69.51
2023-12-29T00:00:00,uk oil prices,_field_price,69.1
2023-12-30T00:00:00,uk oil prices,_field_price,68.75
2023-12-31T00:00:00,uk oil prices,_field_price,68.68
2024-01-01T00:00:00,uk oil prices,_field_price,68.39
2024-01-02T00:00:00,uk oil prices,_field_price,68.11
2024-01-03T00:00:00,uk oil prices,_field_price,68.17
2024-01-04T00:00:00,uk oil prices,_field_price,68.19
2024-01-05T00:00:00,uk oil prices,_field_price,68.23
2024-01-06T00:00:00,uk oil prices,_field_price,67.61
2024-01-07T00:00:00,uk oil prices,_field_price,67.32
2024-01-08T00:00:00,uk oil prices,_field_price,67.03
2024-01-09T00:00:00,uk oil prices,_field_price,67.4
2024-01-10T00:00:00,uk oil prices,_field_price,67.41
2024-01-11T00:00:00,uk oil prices,_field_price,67.67
2024-01-12T00:00:00,uk oil prices,_field_price,68.52
2024-01-13T00:00:00,uk oil prices,_field_price,70.19
2024-01-14T00:00:00,uk oil prices,_field_price,70.09
2024-01-15T00:00:00,uk oil prices,_field_price,69.96
2024-01-16T00:00:00,uk oil prices,_field_price,71.8
2024-01-17T00:00:00,uk oil prices,_field_price,72.62
2024-01-18T00:00:00,uk oil prices,_field_price,73.05
2024-01-19T00:00:00,uk oil prices,_field_price,73.4
2024-01-20T00:00:00,uk oil prices,_field_price,73.55
2024-01-21T00:00:00,uk oil prices,_field_price,73.68
2024-01-22T00:00:00,uk oil prices,_field_price,73.28
2024-01-23T00:00:00,uk oil prices,_field_price,73.57
2024-01-24T00:00:00,uk oil prices,_field_price,73.16
2024-01-25T00:00:00,uk oil prices,_field_price,73.23
2024-01-26T00:00:00,uk oil prices,_field_price,72.7
2024-01-27T00:00:00,uk oil prices,_field_price,72.86
2024-01-28T00:00:00,uk oil prices,_field_price,72.68
2024-01-29T00:00:00,uk oil prices,_field_price,72.41
2024-01-30T00:00:00,uk oil prices,_field_price,73.5
2024-01-31T00:00:00,uk oil prices,_field_price,73.58
2024-02-01T00:00:00,uk oil prices,_field_price,73.04
2024-02-02T00:00:00,uk oil prices,_field_price,72.94
2024-02-03T00:00:00,uk oil prices,_field_price,72.42
2024-02-04T00:00:00,uk oil prices,_field_price,72.29
2024-02-05T00:00:00,uk oil prices,_field_price,71.95
2024-02-06T00:00:00,uk oil prices,_field_price,71.96
2024-02-07T00:00:00,uk oil prices,_field_price,71.78
2024-02-08T00:00:00,uk oil prices,_field_price,71.88
2024-02-09T00:00:00,uk oil prices,_field_price,72.3
2024-02-10T00:00:00,uk oil prices,_field_price,72.64
2024-02-11T00:00:00,uk oil prices,_field_price,72.43
2024-02-12T00:00:00,uk oil prices,_field_price,72.03
2024-02-13T00:00:00,uk oil prices,_field_price,72.68
2024-02-14T00:00:00,uk oil prices,_field_price,72.71
2024-02-15T00:00:00,uk oil prices,_field_price,72.68
2024-02-16T00:00:00,uk oil prices,_field_price,71.99
2024-02-17T00:00:00,uk oil prices,_field_price,71.53
2024-02-18T00:00:00,uk oil prices,_field_price,71.4
2024-02-19T00:00:00,uk oil prices,_field_price,71.25
2024-02-20T00:00:00,uk oil prices,_field_price,71.03
2024-02-21T00:00:00,uk oil prices,_field_price,70.86
2024-02-22T00:00:00,uk oil prices,_field_price,70.42
2024-02-23T00:00:00,uk oil prices,_field_price,69.84
2024-02-24T00:00:00,uk oil prices,_field_price,69.49
2024-02-25T00:00:00,uk oil prices,_field_price,69.38
2024-02-26T00:00:00,uk oil prices,_field_price,69.07
2024-02-27T00:00:00,uk oil prices,_field_price,69.36
2024-02-28T00:00:00,uk oil prices,_field_price,69.54
2024-02-29T00:00:00,uk oil prices,_field_price,69.42
2024-03-01T00:00:00,uk oil prices,_field_price,68.8
2024-03-02T00:00:00,uk oil prices,_field_price,68.73
2024-03-03T00:00:00,uk oil prices,_field_price,68.29
2024-03-04T00:00:00,uk oil prices,_field_price,68.4
2024-03-05T00:00:00,uk oil prices,_field_price,69.05
2024-03-06T00:00:00,uk oil prices,_field_price,68.31
2024-03-07T00:00:00,uk oil prices,_field_price,67.81
2024-03-08T00:00:00,uk oil prices,_field_price,67.91
2024-03-09T00:00:00,uk oil prices,_field_price,67.73
2024-03-10T00:00:00,uk oil prices,_field_price,67.64
2024-03-11T00:00:00,uk oil prices,_field_price,66.85
2024-03-12T00:00:00,uk oil prices,_field_price,67.52
2024-03-13T00:00:00,uk oil prices,_field_price,67.47
2024-03-14T00:00:00,uk oil prices,_field_price,67.29
2024-03-15T00:00:00,uk oil prices,_field_price,67.28
2024-03-16T00:00:00,uk oil prices,_field_price,67.32
2024-03-17T00:00:00,uk oil prices,_field_price,67.29
2024-03-18T00:00:00,uk oil prices,_field_price,67.07
2024-03-19T00:00:00,uk oil prices,_field_price,67.62
2024-03-20T00:00:00,uk oil prices,_field_price,68.08
2024-03-21T00:00:00,uk oil prices,_field_price,68.02
2024-03-22T00:00:00,uk oil prices,_field_price,67.6
2024-03-23T00:00:00,uk oil prices,_field_price,67.28
2024-03-24T00:00:00,uk oil prices,_field_price,67.16
2024-03-25T00:00:00,uk oil prices,_field_price,67.04
2024-03-26T00:00:00,uk oil prices,_field_price,67.22
2024-03-27T00:00:00,uk oil prices,_field_price,67.61
2024-03-28T00:00:00,uk oil prices,_field_price,67.23
2024-03-29T00:00:00,uk oil prices,_field_price,67.18
2024-03-30T00:00:00,uk oil prices,_field_price,67.08
2024-03-31T00:00:00,uk oil prices,_field_price,67.06
2024-04-01T00:00:00,uk oil prices,_field_price,67.05
2024-04-02T00:00:00,uk oil prices,_field_price,66.9
2024-04-03T00:00:00,uk oil prices,_field_price,67.59
2024-04-04T00:00:00,uk oil prices,_field_price,68.83
2024-04-05T00:00:00,uk oil prices,_field_price,69.58
2024-04-06T00:00:00,uk oil prices,_field_price,69.16
2024-04-07T00:00:00,uk oil prices,_field_price,69.12
2024-04-08T00:00:00,uk oil prices,_field_price,69.01
2024-04-09T00:00:00,uk oil prices,_field_price,69.49
2024-04-10T00:00:00,uk oil prices,_field_price,68.76
2024-04-11T00:00:00,uk oil prices,_field_price,68.08
2024-04-12T00:00:00,uk oil prices,_field_price,68.24
2024-04-13T00:00:00,uk oil prices,_field_price,68.15
2024-04-14T00:00:00,uk oil prices,_field_price,68.11
2024-04-15T00:00:00,uk oil prices,_field_price,68.11
2024-04-16T00:00:00,uk oil prices,_field_price,69.01
2024-04-17T00:00:00,uk oil prices,_field_price,68.24
2024-04-18T00:00:00,uk oil prices,_field_price,68.31
2024-04-19T00:00:00,uk oil prices,_field_price,67.88
2024-04-20T00:00:00,uk oil prices,_field_price,67.43
2024-04-21T00:00:00,uk oil prices,_field_price,67.42
2024-04-22T00:00:00,uk oil prices,_field_price,67.43
2024-04-23T00:00:00,uk oil prices,_field_price,67.41
2024-04-24T00:00:00,uk oil prices,_field_price,67.28
2024-04-25T00:00:00,uk oil prices,_field_price,67.02
2024-04-26T00:00:00,uk oil prices,_field_price,66.92
2024-04-27T00:00:00,uk oil prices,_field_price,66.9
2024-04-28T00:00:00,uk oil prices,_field_price,66.91
2024-04-29T00:00:00,uk oil prices,_field_price,66.81
2024-04-30T00:00:00,uk oil prices,_field_price,67.02
2024-05-01T00:00:00,uk oil prices,_field_price,67.04
2024-05-02T00:00:00,uk oil prices,_field_price,66.71
2024-05-03T00:00:00,uk oil prices,_field_price,66.4
2024-05-04T00:00:00,uk oil prices,_field_price,65.99
2024-05-05T00:00:00,uk oil prices,_field_price,65.84
2024-05-06T00:00:00,uk oil prices,_field_price,65.78
2024-05-07T00:00:00,uk oil prices,_field_price,65.73
2024-05-08T00:00:00,uk oil prices,_field_price,65.82
2024-05-09T00:00:00,uk oil prices,_field_price,65.66
2024-05-10T00:00:00,uk oil prices,_field_price,65.66
2024-05-11T00:00:00,uk oil prices,_field_price,65.54
2024-05-12T00:00:00,uk oil prices,_field_price,65.52
2024-05-13T00:00:00,uk oil prices,_field_price,65.45
2024-05-14T00:00:00,uk oil prices,_field_price,65.43
2024-05-15T00:00:00,uk oil prices,_field_price,65.13
2024-05-16T00:00:00,uk oil prices,_field_price,64.73
2024-05-17T00:00:00,uk oil prices,_field_price,64.84
2024-05-18T00:00:00,uk oil prices,_field_price,64.39
2024-05-19T00:00:00,uk oil prices,_field_price,64.34
2024-05-20T00:00:00,uk oil prices,_field_price,64.28
2024-05-21T00:00:00,uk oil prices,_field_price,64.52
2024-05-22T00:00:00,uk oil prices,_field_price,64.29
2024-05-23T00:00:00,uk oil prices,_field_price,64.0
2024-05-24T00:00:00,uk oil prices,_field_price,63.63
2024-05-25T00:00:00,uk oil prices,_field_price,63.44
2024-05-26T00:00:00,uk oil prices,_field_price,63.38
2024-05-27T00:00:00,uk oil prices,_field_price,63.37
2024-05-28T00:00:00,uk oil prices,_field_price,63.3
2024-05-29T00:00:00,uk oil prices,_field_price,63.19
2024-05-30T00:00:00,uk oil prices,_field_price,63.22
2024-05-31T00:00:00,uk oil prices,_field_price,63.04
2024-06-01T00:00:00,uk oil prices,_field_price,62.56
2024-06-02T00:00:00,uk oil prices,_field_price,62.52
2024-06-03T00:00:00,uk oil prices,_field_price,62.41
2024-06-04T00:00:00,uk oil prices,_field_price,62.03
2024-06-05T00:00:00,uk oil prices,_field_price,61.55
2024-06-06T00:00:00,uk oil prices,_field_price,61.19
2024-06-07T00:00:00,uk oil prices,_field_price,60.93
2024-06-08T00:00:00,uk oil prices,_field_price,60.76
2024-06-09T00:00:00,uk oil prices,_field_price,60.63
2024-06-10T00:00:00,uk oil prices,_field_price,60.6
2024-06-11T00:00:00,uk oil prices,_field_price,60.82
2024-06-12T00:00:00,uk oil prices,_field_price,61.49
2024-06-13T00:00:00,uk oil prices,_field_price,61.62
2024-06-14T00:00:00,uk oil prices,_field_price,61.45
2024-06-15T00:00:00,uk oil prices,_field_price,61.25
2024-06-16T00:00:00,uk oil prices,_field_price,61.19
2024-06-17T00:00:00,uk oil prices,_field_price,61.08
2024-06-18T00:00:00,uk oil prices,_field_price,62.82
2024-06-19T00:00:00,uk oil prices,_field_price,62.98
2024-06-20T00:00:00,uk oil prices,_field_price,63.57
2024-06-21T00:00:00,uk oil prices,_field_price,63.83
2024-06-22T00:00:00,uk oil prices,_field_price,63.23
2024-06-23T00:00:00,uk oil prices,_field_price,63.09
2024-06-24T00:00:00,uk oil prices,_field_price,63.0
2024-06-25T00:00:00,uk oil prices,_field_price,63.57
2024-06-26T00:00:00,uk oil prices,_field_price,63.45
2024-06-27T00:00:00,uk oil prices,_field_price,63.83
2024-06-28T00:00:00,uk oil prices,_field_price,63.93
2024-06-29T00:00:00,uk oil prices,_field_price,64.03
2024-06-30T00:00:00,uk oil prices,_field_price,63.99
2024-07-01T00:00:00,uk oil prices,_field_price,63.96
2024-07-02T00:00:00,uk oil prices,_field_price,63.93
2024-07-03T00:00:00,uk oil prices,_field_price,64.37
2024-07-04T00:00:00,uk oil prices,_field_price,64.77
2024-07-05T00:00:00,uk oil prices,_field_price,64.3
2024-07-06T00:00:00,uk oil prices,_field_price,64.51
2024-07-07T00:00:00,uk oil prices,_field_price,64.5
2024-07-08T00:00:00,uk oil prices,_field_price,64.44
2024-07-09T00:00:00,uk oil prices,_field_price,64.5
2024-07-10T00:00:00,uk oil prices,_field_price,64.05
2024-07-11T00:00:00,uk oil prices,_field_price,63.8
2024-07-12T00:00:00,uk oil prices,_field_price,63.65
2024-07-13T00:00:00,uk oil prices,_field_price,63.3
2024-07-14T00:00:00,uk oil prices,_field_price,63.26
2024-07-15T00:00:00,uk oil prices,_field_price,63.18
2024-07-16T00:00:00,uk oil prices,_field_price,63.16
2024-07-17T00:00:00,uk oil prices,_field_price,62.84
2024-07-18T00:00:00,uk oil prices,_field_price,62.54
2024-07-19T00:00:00,uk oil prices,_field_price,62.35
2024-07-20T00:00:00,uk oil prices,_field_price,62.27
2024-07-21T00:00:00,uk oil prices,_field_price,62.22
2024-07-22T00:00:00,uk oil prices,_field_price,62.21
2024-07-23T00:00:00,uk oil prices,_field_price,61.94
2024-07-24T00:00:00,uk oil prices,_field_price,61.65
2024-07-25T00:00:00,uk oil prices,_field_price,61.4
2024-07-26T00:00:00,uk oil prices,_field_price,61.43
2024-07-27T00:00:00,uk oil prices,_field_price,61.45
2024-07-28T00:00:00,uk oil prices,_field_price,61.44
2024-07-29T00:00:00,uk oil prices,_field_price,61.44
2024-07-30T00:00:00,uk oil prices,_field_price,61.34
2024-07-31T00:00:00,uk oil prices,_field_price,61.18
2024-08-01T00:00:00,uk oil prices,_field_price,60.97
2024-08-02T00:00:00,uk oil prices,_field_price,61.22
2024-08-03T00:00:00,uk oil prices,_field_price,61.25
2024-08-04T00:00:00,uk oil prices,_field_price,61.18
2024-08-05T00:00:00,uk oil prices,_field_price,61.15
2024-08-06T00:00:00,uk oil prices,_field_price,60.55
2024-08-07T00:00:00,uk oil prices,_field_price,60.38
2024-08-08T00:00:00,uk oil prices,_field_price,60.27
2024-08-09T00:00:00,uk oil prices,_field_price,60.04
2024-08-10T00:00:00,uk oil prices,_field_price,59.99
2024-08-11T00:00:00,uk oil prices,_field_price,59.98
2024-08-12T00:00:00,uk oil prices,_field_price,59.96
2024-08-13T00:00:00,uk oil prices,_field_price,59.96
2024-08-14T00:00:00,uk oil prices,_field_price,60.44
2024-08-15T00:00:00,uk oil prices,_field_price,60.6
2024-08-16T00:00:00,uk oil prices,_field_price,60.98
2024-08-17T00:00:00,uk oil prices,_field_price,61.71
2024-08-18T00:00:00,uk oil prices,_field_price,61.74
2024-08-19T00:00:00,uk oil prices,_field_price,61.72
2024-08-20T00:00:00,uk oil prices,_field_price,61.39
2024-08-21T00:00:00,uk oil prices,_field_price,61.2
2024-08-22T00:00:00,uk oil prices,_field_price,61.05
2024-08-23T00:00:00,uk oil prices,_field_price,60.38
2024-08-24T00:00:00,uk oil prices,_field_price,60.08
2024-08-25T00:00:00,uk oil prices,_field_price,60.06
2024-08-26T00:00:00,uk oil prices,_field_price,60.06
2024-08-27T00:00:00,uk oil prices,_field_price,59.84
2024-08-28T00:00:00,uk oil prices,_field_price,59.77
2024-08-29T00:00:00,uk oil prices,_field_price,59.33
2024-08-30T00:00:00,uk oil prices,_field_price,58.88
2024-08-31T00:00:00,uk oil prices,_field_price,58.88
2024-09-01T00:00:00,uk oil prices,_field_price,58.86
2024-09-02T00:00:00,uk oil prices,_field_price,58.86
2024-09-03T00:00:00,uk oil prices,_field_price,58.6
2024-09-04T00:00:00,uk oil prices,_field_price,58.96
2024-09-05T00:00:00,uk oil prices,_field_price,58.73
2024-09-06T00:00:00,uk oil prices,_field_price,58.16
2024-09-07T00:00:00,uk oil prices,_field_price,58.02
2024-09-08T00:00:00,uk oil prices,_field_price,58.26
2024-09-09T00:00:00,uk oil prices,_field_price,57.91
2024-09-10T00:00:00,uk oil prices,_field_price,58.11
2024-09-11T00:00:00,uk oil prices,_field_price,57.81
2024-09-12T00:00:00,uk oil prices,_field_price,58.0
2024-09-13T00:00:00,uk oil prices,_field_price,57.86
2024-09-14T00:00:00,uk oil prices,_field_price,59.54
2024-09-15T00:00:00,uk oil prices,_field_price,59.5
2024-09-16T00:00:00,uk oil prices,_field_price,59.49
2024-09-17T00:00:00,uk oil prices,_field_price,59.89
2024-09-18T00:00:00,uk oil prices,_field_price,59.49
2024-09-19T00:00:00,uk oil prices,_field_price,59.59
2024-09-20T00:00:00,uk oil prices,_field_price,59.87
2024-09-21T00:00:00,uk oil prices,_field_price,60.12
2024-09-22T00:00:00,uk oil prices,_field_price,60.13
2024-09-23T00:00:00,uk oil prices,_field_price,60.1
2024-09-24T00:00:00,uk oil prices,_field_price,59.65
2024-09-25T00:00:00,uk oil prices,_field_price,59.48
2024-09-26T00:00:00,uk oil prices,_field_price,59.59
2024-09-27T00:00:00,uk oil prices,_field_price,59.4
2024-09-28T00:00:00,uk oil prices,_field_price,58.78
2024-09-29T00:00:00,uk oil prices,_field_price,58.83
2024-09-30T00:00:00,uk oil prices,_field_price,58.71
2024-10-01T00:00:00,uk oil prices,_field_price,58.93
2024-10-02T00:00:00,uk oil prices,_field_price,58.98
2024-10-03T00:00:00,uk oil prices,_field_price,59.38
2024-10-04T00:00:00,uk oil prices,_field_price,59.49
2024-10-05T00:00:00,uk oil prices,_field_price,61.48
2024-10-06T00:00:00,uk oil prices,_field_price,61.95
2024-10-07T00:00:00,uk oil prices,_field_price,61.85
2024-10-08T00:00:00,uk oil prices,_field_price,63.07
2024-10-09T00:00:00,uk oil prices,_field_price,63.76
2024-10-10T00:00:00,uk oil prices,_field_price,62.75
2024-10-11T00:00:00,uk oil prices,_field_price,62.15
2024-10-12T00:00:00,uk oil prices,_field_price,62.17
2024-10-13T00:00:00,uk oil prices,_field_price,62.13
2024-10-14T00:00:00,uk oil prices,_field_price,61.94
2024-10-15T00:00:00,uk oil prices,_field_price,62.02
2024-10-16T00:00:00,uk oil prices,_field_price,61.33
2024-10-17T00:00:00,uk oil prices,_field_price,60.47
2024-10-18T00:00:00,uk oil prices,_field_price,60.59
2024-10-19T00:00:00,uk oil prices,_field_price,60.09
2024-10-20T00:00:00,uk oil prices,_field_price,60.03
2024-10-21T00:00:00,uk oil prices,_field_price,59.92
2024-10-22T00:00:00,uk oil prices,_field_price,60.03
2024-10-23T00:00:00,uk oil prices,_field_price,59.92
2024-10-24T00:00:00,uk oil prices,_field_price,60.04
2024-10-25T00:00:00,uk oil prices,_field_price,59.99
2024-10-26T00:00:00,uk oil prices,_field_price,59.64
2024-10-27T00:00:00,uk oil prices,_field_price,59.6
2024-10-28T00:00:00,uk oil prices,_field_price,59.45
2024-10-29T00:00:00,uk oil prices,_field_price,59.61
2024-10-30T00:00:00,uk oil prices,_field_price,59.01
2024-10-31T00:00:00,uk oil prices,_field_price,58.8
2024-11-01T00:00:00,uk oil prices,_field_price,58.78
2024-11-02T00:00:00,uk oil prices,_field_price,58.82
2024-11-03T00:00:00,uk oil prices,_field_price,58.8
2024-11-04T00:00:00,uk oil prices,_field_price,58.7
2024-11-05T00:00:00,uk oil prices,_field_price,58.62
2024-11-06T00:00:00,uk oil prices,_field_price,58.62
2024-11-07T00:00:00,uk oil prices,_field_price,58.66
2024-11-08T00:00:00,uk oil prices,_field_price,58.67
2024-11-09T00:00:00,uk oil prices,_field_price,57.16
2024-11-10T00:00:00,uk oil prices,_field_price,57.14
2024-11-11T00:00:00,uk oil prices,_field_price,57.3
2024-11-12T00:00:00,uk oil prices,_field_price,57.76
2024-11-13T00:00:00,uk oil prices,_field_price,57.75
2024-11-14T00:00:00,uk oil prices,_field_price,57.74
2024-11-15T00:00:00,uk oil prices,_field_price,57.84
2024-11-16T00:00:00,uk oil prices,_field_price,57.82
2024-11-17T00:00:00,uk oil prices,_field_price,57.62
2024-11-18T00:00:00,uk oil prices,_field_price,57.58
2024-11-19T00:00:00,uk oil prices,_field_price,58.3
2024-11-20T00:00:00,uk oil prices,_field_price,59.16
2024-11-21T00:00:00,uk oil prices,_field_price,59.65
2024-11-22T00:00:00,uk oil prices,_field_price,59.62
2024-11-23T00:00:00,uk oil prices,_field_price,59.75
2024-11-24T00:00:00,uk oil prices,_field_price,59.66
2024-11-25T00:00:00,uk oil prices,_field_price,59.64
2024-11-26T00:00:00,uk oil prices,_field_price,60.1
2024-11-27T00:00:00,uk oil prices,_field_price,59.66
2024-11-28T00:00:00,uk oil prices,_field_price,59.46
2024-11-29T00:00:00,uk oil prices,_field_price,59.21
2024-11-30T00:00:00,uk oil prices,_field_price,58.67
2024-12-01T00:00:00,uk oil prices,_field_price,58.63
2024-12-02T00:00:00,uk oil prices,_field_price,58.56
2024-12-03T00:00:00,uk oil prices,_field_price,58.92
2024-12-04T00:00:00,uk oil prices,_field_price,58.99
2024-12-05T00:00:00,uk oil prices,_field_price,59.03
2024-12-06T00:00:00,uk oil prices,_field_price,58.84
2024-12-07T00:00:00,uk oil prices,_field_price,58.67
2024-12-08T00:00:00,uk oil prices,_field_price,58.61
2024-12-09T00:00:00,uk oil prices,_field_price,58.72
2024-12-10T00:00:00,uk oil prices,_field_price,59.05
2024-12-11T00:00:00,uk oil prices,_field_price,59.73
2024-12-12T00:00:00,uk oil prices,_field_price,59.8
2024-12-13T00:00:00,uk oil prices,_field_price,60.0
2024-12-14T00:00:00,uk oil prices,_field_price,60.34
2024-12-15T00:00:00,uk oil prices,_field_price,60.15
2024-12-16T00:00:00,uk oil prices,_field_price,60.15
2024-12-17T00:00:00,uk oil prices,_field_price,60.91
2024-12-18T00:00:00,uk oil prices,_field_price,60.82
2024-12-19T00:00:00,uk oil prices,_field_price,60.66
2024-12-20T00:00:00,uk oil prices,_field_price,60.52
2024-12-21T00:00:00,uk oil prices,_field_price,59.81
2024-12-22T00:00:00,uk oil prices,_field_price,59.7
2024-12-23T00:00:00,uk oil prices,_field_price,59.57
2024-12-24T00:00:00,uk oil prices,_field_price,59.4
2024-12-25T00:00:00,uk oil prices,_field_price,59.12
2024-12-26T00:00:00,uk oil prices,_field_price,59.1
2024-12-27T00:00:00,uk oil prices,_field_price,58.93
2024-12-28T00:00:00,uk oil prices,_field_price,58.79
2024-12-29T00:00:00,uk oil prices,_field_price,58.77
2024-12-30T00:00:00,uk oil prices,_field_price,58.76
2024-12-31T00:00:00,uk oil prices,_field_price,58.65
2025-01-01T00:00:00,uk oil prices,_field_price,58.6
2025-01-02T00:00:00,uk oil prices,_field_price,58.58
2025-01-03T00:00:00,uk oil prices,_field_price,59.28
2025-01-04T00:00:00,uk oil prices,_field_price,59.96
2025-01-05T00:00:00,uk oil prices,_field_price,59.99
2025-01-06T00:00:00,uk oil prices,_field_price,59.97
2025-01-07T00:00:00,uk oil prices,_field_price,60.92
2025-01-08T00:00:00,uk oil prices,_field_price,60.76
2025-01-09T00:00:00,uk oil prices,_field_price,61.54
2025-01-10T00:00:00,uk oil prices,_field_price,62.0
2025-01-11T00:00:00,uk oil prices,_field_price,64.01
2025-01-12T00:00:00,uk oil prices,_field_price,63.99
2025-01-13T00:00:00,uk oil prices,_field_price,63.91
2025-01-14T00:00:00,uk oil prices,_field_price,67.61
2025-01-15T00:00:00,uk oil prices,_field_price,67.42
2025-01-16T00:00:00,uk oil prices,_field_price,66.9
2025-01-17T00:00:00,uk oil prices,_field_price,67.25
2025-01-18T00:00:00,uk oil prices,_field_price,67.15
2025-01-19T00:00:00,uk oil prices,_field_price,67.11
2025-01-20T00:00:00,uk oil prices,_field_price,66.95
2025-01-21T00:00:00,uk oil prices,_field_price,67.71
2025-01-22T00:00:00,uk oil prices,_field_price,66.81
2025-01-23T00:00:00,uk oil prices,_field_price,66.83
2025-01-24T00:00:00,uk oil prices,_field_price,66.31
2025-01-25T00:00:00,uk oil prices,_field_price,65.61
2025-01-26T00:00:00,uk oil prices,_field_price,65.53
2025-01-27T00:00:00,uk oil prices,_field_price,65.38
2025-01-28T00:00:00,uk oil prices,_field_price,65.46
2025-01-29T00:00:00,uk oil prices,_field_price,65.13
2025-01-30T00:00:00,uk oil prices,_field_price,64.87
2025-01-31T00:00:00,uk oil prices,_field_price,64.75
2025-02-01T00:00:00,uk oil prices,_field_price,64.53
2025-02-02T00:00:00,uk oil prices,_field_price,64.44
2025-02-03T00:00:00,uk oil prices,_field_price,64.42
2025-02-04T00:00:00,uk oil prices,_field_price,65.4
2025-02-05T00:00:00,uk oil prices,_field_price,65.44
2025-02-06T00:00:00,uk oil prices,_field_price,65.31
2025-02-07T00:00:00,uk oil prices,_field_price,65.03
2025-02-08T00:00:00,uk oil prices,_field_price,64.75
2025-02-09T00:00:00,uk oil prices,_field_price,64.69
2025-02-10T00:00:00,uk oil prices,_field_price,64.79
2025-02-11T00:00:00,uk oil prices,_field_price,65.24
2025-02-12T00:00:00,uk oil prices,_field_price,65.7
2025-02-13T00:00:00,uk oil prices,_field_price,65.61
2025-02-14T00:00:00,uk oil prices,_field_price,65.26
2025-02-15T00:00:00,uk oil prices,_field_price,64.93
2025-02-16T00:00:00,uk oil prices,_field_price,64.75
2025-02-17T00:00:00,uk oil prices,_field_price,64.69
2025-02-18T00:00:00,uk oil prices,_field_price,65.55
2025-02-19T00:00:00,uk oil prices,_field_price,65.31
2025-02-20T00:00:00,uk oil prices,_field_price,65.38
2025-02-21T00:00:00,uk oil prices,_field_price,65.55
2025-02-22T00:00:00,uk oil prices,_field_price,65.27
2025-02-23T00:00:00,uk oil prices,_field_price,65.23
2025-02-24T00:00:00,uk oil prices,_field_price,65.12
2025-02-25T00:00:00,uk oil prices,_field_price,64.92
2025-02-26T00:00:00,uk oil prices,_field_price,64.83
2025-02-27T00:00:00,uk oil prices,_field_price,64.59
2025-02-28T00:00:00,uk oil prices,_field_price,64.66
2025-03-01T00:00:00,uk oil prices,_field_price,63.83
2025-03-02T00:00:00,uk oil prices,_field_price,63.8
2025-03-03T00:00:00,uk oil prices,_field_price,63.79
2025-03-04T00:00:00,uk oil prices,_field_price,64.41
2025-03-05T00:00:00,uk oil prices,_field_price,63.93
2025-03-06T00:00:00,uk oil prices,_field_price,63.63
2025-03-07T00:00:00,uk oil prices,_field_price,63.25
2025-03-08T00:00:00,uk oil prices,_field_price,62.96
2025-03-09T00:00:00,uk oil prices,_field_price,62.96
2025-03-10T00:00:00,uk oil prices,_field_price,62.81
2025-03-11T00:00:00,uk oil prices,_field_price,62.14
2025-03-12T00:00:00,uk oil prices,_field_price,61.6
2025-03-13T00:00:00,uk oil prices,_field_price,61.35
2025-03-14T00:00:00,uk oil prices,_field_price,61.22
2025-03-15T00:00:00,uk oil prices,_field_price,60.65
2025-03-16T00:00:00,uk oil prices,_field_price,60.59
2025-03-17T00:00:00,uk oil prices,_field_price,60.46
2025-03-18T00:00:00,uk oil prices,_field_price,60.53
2025-03-19T00:00:00,uk oil prices,_field_price,60.56
2025-03-20T00:00:00,uk oil prices,_field_price,60.42
2025-03-21T00:00:00,uk oil prices,_field_price,60.07
2025-03-22T00:00:00,uk oil prices,_field_price,60.14
2025-03-23T00:00:00,uk oil prices,_field_price,60.13
2025-03-24T00:00:00,uk oil prices,_field_price,60.08
2025-03-25T00:00:00,uk oil prices,_field_price,59.82
2025-03-26T00:00:00,uk oil prices,_field_price,59.81
2025-03-27T00:00:00,uk oil prices,_field_price,59.62
2025-03-28T00:00:00,uk oil prices,_field_price,59.27
2025-03-29T00:00:00,uk oil prices,_field_price,58.96
2025-03-30T00:00:00,uk oil prices,_field_price,58.92
2025-03-31T00:00:00,uk oil prices,_field_price,58.91
2025-04-01T00:00:00,uk oil prices,_field_price,59.1
2025-04-02T00:00:00,uk oil prices,_field_price,59.2
2025-04-03T00:00:00,uk oil prices,_field_price,59.28
2025-04-04T00:00:00,uk oil prices,_field_price,58.44
2025-04-05T00:00:00,uk oil prices,_field_price,57.39
2025-04-06T00:00:00,uk oil prices,_field_price,57.31
2025-04-07T00:00:00,uk oil prices,_field_price,57.26
2025-04-08T00:00:00,uk oil prices,_field_price,56.54
2025-04-09T00:00:00,uk oil prices,_field_price,55.94
2025-04-10T00:00:00,uk oil prices,_field_price,55.66
2025-04-11T00:00:00,uk oil prices,_field_price,54.8
2025-04-12T00:00:00,uk oil prices,_field_price,54.72
2025-04-13T00:00:00,uk oil prices,_field_price,54.6
2025-04-14T00:00:00,uk oil prices,_field_price,54.55
2025-04-15T00:00:00,uk oil prices,_field_price,54.31
2025-04-16T00:00:00,uk oil prices,_field_price,54.19
2025-04-17T00:00:00,uk oil prices,_field_price,54.05
2025-04-18T00:00:00,uk oil prices,_field_price,53.96
2025-04-19T00:00:00,uk oil prices,_field_price,53.9
2025-04-20T00:00:00,uk oil prices,_field_price,53.89
2025-04-21T00:00:00,uk oil prices,_field_price,53.89
2025-04-22T00:00:00,uk oil prices,_field_price,53.76
2025-04-23T00:00:00,uk oil prices,_field_price,53.84
2025-04-24T00:00:00,uk oil prices,_field_price,53.88
2025-04-25T00:00:00,uk oil prices,_field_price,53.75
2025-04-26T00:00:00,uk oil prices,_field_price,53.67
2025-04-27T00:00:00,uk oil prices,_field_price,53.66
2025-04-28T00:00:00,uk oil prices,_field_price,53.59
2025-04-29T00:00:00,uk oil prices,_field_price,53.62
2025-04-30T00:00:00,uk oil prices,_field_price,53.5
2025-05-01T00:00:00,uk oil prices,_field_price,53.26
2025-05-02T00:00:00,uk oil prices,_field_price,52.84
2025-05-03T00:00:00,uk oil prices,_field_price,52.48
2025-05-04T00:00:00,uk oil prices,_field_price,52.43
2025-05-05T00:00:00,uk oil prices,_field_price,52.37
2025-05-06T00:00:00,uk oil prices,_field_price,52.29
2025-05-07T00:00:00,uk oil prices,_field_price,52.1
2025-05-08T00:00:00,uk oil prices,_field_price,51.8
2025-05-09T00:00:00,uk oil prices,_field_price,51.37
2025-05-10T00:00:00,uk oil prices,_field_price,51.26
2025-05-11T00:00:00,uk oil prices,_field_price,51.25
2025-05-12T00:00:00,uk oil prices,_field_price,51.22
2025-05-13T00:00:00,uk oil prices,_field_price,51.71
2025-05-14T00:00:00,uk oil prices,_field_price,52.04
2025-05-15T00:00:00,uk oil prices,_field_price,52.13
2025-05-16T00:00:00,uk oil prices,_field_price,52.26
2025-05-17T00:00:00,uk oil prices,_field_price,52.15
2025-05-18T00:00:00,uk oil prices,_field_price,52.14
2025-05-19T00:00:00,uk oil prices,_field_price,52.21
2025-05-20T00:00:00,uk oil prices,_field_price,51.82
2025-05-21T00:00:00,uk oil prices,_field_price,51.68
2025-05-22T00:00:00,uk oil prices,_field_price,51.53
2025-05-23T00:00:00,uk oil prices,_field_price,51.19
2025-05-24T00:00:00,uk oil prices,_field_price,50.93
2025-05-25T00:00:00,uk oil prices,_field_price,50.86
2025-05-26T00:00:00,uk oil prices,_field_price,50.84
2025-05-27T00:00:00,uk oil prices,_field_price,50.86
2025-05-28T00:00:00,uk oil prices,_field_price,50.66
2025-05-29T00:00:00,uk oil prices,_field_price,50.34
2025-05-30T00:00:00,uk oil prices,_field_price,50.27
2025-05-31T00:00:00,uk oil prices,_field_price,49.97
2025-06-01T00:00:00,uk oil prices,_field_price,49.98
2025-06-02T00:00:00,uk oil prices,_field_price,49.93
2025-06-03T00:00:00,uk oil prices,_field_price,49.83
2025-06-04T00:00:00,uk oil prices,_field_price,49.99
2025-06-05T00:00:00,uk oil prices,_field_price,50.04
2025-06-06T00:00:00,uk oil prices,_field_price,49.78
2025-06-07T00:00:00,uk oil prices,_field_price,49.56
2025-06-08T00:00:00,uk oil prices,_field_price,49.55
2025-06-09T00:00:00,uk oil prices,_field_price,49.31
2025-06-10T00:00:00,uk oil prices,_field_price,49.48
2025-06-11T00:00:00,uk oil prices,_field_price,49.6
2025-06-12T00:00:00,uk oil prices,_field_price,49.81
2025-06-13T00:00:00,uk oil prices,_field_price,50.0
2025-06-14T00:00:00,uk oil prices,_field_price,53.25
2025-06-15T00:00:00,uk oil prices,_field_price,53.37
2025-06-16T00:00:00,uk oil prices,_field_price,53.26
2025-06-17T00:00:00,uk oil prices,_field_price,56.1
2025-06-18T00:00:00,uk oil prices,_field_price,57.23
2025-06-19T00:00:00,uk oil prices,_field_price,59.44
2025-06-20T00:00:00,uk oil prices,_field_price,61.53
2025-06-21T00:00:00,uk oil prices,_field_price,62.5
2025-06-22T00:00:00,uk oil prices,_field_price,61.82
2025-06-23T00:00:00,uk oil prices,_field_price,62.87
2025-06-24T00:00:00,uk oil prices,_field_price,62.29
2025-06-25T00:00:00,uk oil prices,_field_price,60.6
2025-06-26T00:00:00,uk oil prices,_field_price,58.55
2025-06-27T00:00:00,uk oil prices,_field_price,58.22
2025-06-28T00:00:00,uk oil prices,_field_price,57.23
2025-06-29T00:00:00,uk oil prices,_field_price,57.16
2025-06-30T00:00:00,uk oil prices,_field_price,57.11
2025-07-01T00:00:00,uk oil prices,_field_price,56.12
2025-07-02T00:00:00,uk oil prices,_field_price,55.34
2025-07-03T00:00:00,uk oil prices,_field_price,55.31
2025-07-04T00:00:00,uk oil prices,_field_price,55.25
2025-07-05T00:00:00,uk oil prices,_field_price,54.89
2025-07-06T00:00:00,uk oil prices,_field_price,54.84
2025-07-07T00:00:00,uk oil prices,_field_price,54.73
2025-07-08T00:00:00,uk oil prices,_field_price,55.13
2025-07-09T00:00:00,uk oil prices,_field_price,55.03
2025-07-10T00:00:00,uk oil prices,_field_price,55.22
2025-07-11T00:00:00,uk oil prices,_field_price,54.89
2025-07-12T00:00:00,uk oil prices,_field_price,54.81
2025-07-13T00:00:00,uk oil prices,_field_price,54.73
2025-07-14T00:00:00,uk oil prices,_field_price,54.72
2025-07-15T00:00:00,uk oil prices,_field_price,55.61
2025-07-16T00:00:00,uk oil prices,_field_price,55.46
2025-07-17T00:00:00,uk oil prices,_field_price,55.36
2025-07-18T00:00:00,uk oil prices,_field_price,54.98
2025-07-19T00:00:00,uk oil prices,_field_price,55.62
2025-07-20T00:00:00,uk oil prices,_field_price,55.55
2025-07-21T00:00:00,uk oil prices,_field_price,55.53
2025-07-22T00:00:00,uk oil prices,_field_price,55.74
2025-07-23T00:00:00,uk oil prices,_field_price,56.15
2025-07-24T00:00:00,uk oil prices,_field_price,55.8
2025-07-25T00:00:00,uk oil prices,_field_price,55.28
2025-07-26T00:00:00,uk oil prices,_field_price,55.05
2025-07-27T00:00:00,uk oil prices,_field_price,55.06
2025-07-28T00:00:00,uk oil prices,_field_price,55.06
2025-07-29T00:00:00,uk oil prices,_field_price,54.88
2025-07-30T00:00:00,uk oil prices,_field_price,54.76
2025-07-31T00:00:00,uk oil prices,_field_price,54.71
2025-08-01T00:00:00,uk oil prices,_field_price,54.71
2025-08-02T00:00:00,uk oil prices,_field_price,54.8
2025-08-03T00:00:00,uk oil prices,_field_price,54.79
2025-08-04T00:00:00,uk oil prices,_field_price,54.51
2025-08-05T00:00:00,uk oil prices,_field_price,54.1
2025-08-06T00:00:00,uk oil prices,_field_price,54.24
2025-08-07T00:00:00,uk oil prices,_field_price,53.95
2025-08-08T00:00:00,uk oil prices,_field_price,53.82
2025-08-09T00:00:00,uk oil prices,_field_price,53.49
2025-08-10T00:00:00,uk oil prices,_field_price,53.47
2025-08-11T00:00:00,uk oil prices,_field_price,53.43
2025-08-12T00:00:00,uk oil prices,_field_price,53.4
2025-08-13T00:00:00,uk oil prices,_field_price,53.19
2025-08-14T00:00:00,uk oil prices,_field_price,52.94
2025-08-15T00:00:00,uk oil prices,_field_price,52.58
2025-08-16T00:00:00,uk oil prices,_field_price,52.23
2025-08-17T00:00:00,uk oil prices,_field_price,52.19
2025-08-18T00:00:00,uk oil prices,_field_price,52.15
2025-08-19T00:00:00,uk oil prices,_field_price,51.86
2025-08-20T00:00:00,uk oil prices,_field_price,51.72
2025-08-21T00:00:00,uk oil prices,_field_price,52.2
2025-08-22T00:00:00,uk oil prices,_field_price,52.73
2025-08-23T00:00:00,uk oil prices,_field_price,53.15
2025-08-24T00:00:00,uk oil prices,_field_price,53.12
2025-08-25T00:00:00,uk oil prices,_field_price,53.1
2025-08-26T00:00:00,uk oil prices,_field_price,53.1
2025-08-27T00:00:00,uk oil prices,_field_price,53.47
2025-08-28T00:00:00,uk oil prices,_field_price,53.43
2025-08-29T00:00:00,uk oil prices,_field_price,53.33
2025-08-30T00:00:00,uk oil prices,_field_price,53.11
2025-08-31T00:00:00,uk oil prices,_field_price,53.1
2025-09-01T00:00:00,uk oil prices,_field_price,53.09
2025-09-02T00:00:00,uk oil prices,_field_price,53.18
2025-09-03T00:00:00,uk oil prices,_field_price,53.96
2025-09-04T00:00:00,uk oil prices,_field_price,54.36
2025-09-05T00:00:00,uk oil prices,_field_price,53.9
2025-09-06T00:00:00,uk oil prices,_field_price,53.77
2025-09-07T00:00:00,uk oil prices,_field_price,53.76
2025-09-08T00:00:00,uk oil prices,_field_price,53.67
2025-09-09T00:00:00,uk oil prices,_field_price,54.0
2025-09-10T00:00:00,uk oil prices,_field_price,54.0
2025-09-11T00:00:00,uk oil prices,_field_price,53.91
2025-09-12T00:00:00,uk oil prices,_field_price,53.87
2025-09-13T00:00:00,uk oil prices,_field_price,53.78
2025-09-14T00:00:00,uk oil prices,_field_price,53.77
2025-09-15T00:00:00,uk oil prices,_field_price,53.68
2025-09-16T00:00:00,uk oil prices,_field_price,53.82
2025-09-17T00:00:00,uk oil prices,_field_price,53.93
2025-09-18T00:00:00,uk oil prices,_field_price,54.44
2025-09-19T00:00:00,uk oil prices,_field_price,54.62
2025-09-20T00:00:00,uk oil prices,_field_price,54.66
2025-09-21T00:00:00,uk oil prices,_field_price,54.63
2025-09-22T00:00:00,uk oil prices,_field_price,54.61
2025-09-23T00:00:00,uk oil prices,_field_price,54.46
2025-09-24T00:00:00,uk oil prices,_field_price,54.39
2025-09-25T00:00:00,uk oil prices,_field_price,55.01
2025-09-26T00:00:00,uk oil prices,_field_price,55.64
2025-09-27T00:00:00,uk oil prices,_field_price,56.34
2025-09-28T00:00:00,uk oil prices,_field_price,56.3
2025-09-29T00:00:00,uk oil prices,_field_price,56.29
2025-09-30T00:00:00,uk oil prices,_field_price,56.84
2025-10-01T00:00:00,uk oil prices,_field_price,56.62
2025-10-02T00:00:00,uk oil prices,_field_price,56.39
2025-10-03T00:00:00,uk oil prices,_field_price,56.31
2025-10-04T00:00:00,uk oil prices,_field_price,55.95
2025-10-05T00:00:00,uk oil prices,_field_price,55.92
2025-10-06T00:00:00,uk oil prices,_field_price,55.9
2025-10-07T00:00:00,uk oil prices,_field_price,55.64
2025-10-08T00:00:00,uk oil prices,_field_price,55.74
2025-10-09T00:00:00,uk oil prices,_field_price,55.79
2025-10-10T00:00:00,uk oil prices,_field_price,55.78
2025-10-11T00:00:00,uk oil prices,_field_price,55.74
2025-10-12T00:00:00,uk oil prices,_field_price,55.69
2025-10-13T00:00:00,uk oil prices,_field_price,55.64
2025-10-14T00:00:00,uk oil prices,_field_price,55.71
2025-10-15T00:00:00,uk oil prices,_field_price,55.55
2025-10-16T00:00:00,uk oil prices,_field_price,55.21
2025-10-17T00:00:00,uk oil prices,_field_price,54.64
2025-10-18T00:00:00,uk oil prices,_field_price,54.17
2025-10-19T00:00:00,uk oil prices,_field_price,54.13
